group_id,kalshi_market_id,polymarket_market_id
who_will_win_the_2026_d_c_democratic_mayoral_primary_robert_white_jr,KXDCMAYORD-26-RWHI,0x6dc6ae164362e3151bfe3d6b60c138c6616d7592d3c11540be98bd409a115b23
who_will_win_the_2026_d_c_democratic_mayoral_primary_janeese_lewis_george,KXDCMAYORD-26-JGEO,0x2f7fa03d7387acee6140c2feada2e3876378549defc075856373adccd3c53a84
how_many_awards_will_sentimental_value_win_at_the_oscars_exactly_2,KXOSCARCOUNT-26-SEN-2,0x798d918a1588a21b93f8948a0b64442e1eb7ee99d57cba762ed20006de68f1f5
how_many_awards_will_sentimental_value_win_at_the_oscars_exactly_3,KXOSCARCOUNT-26-SEN-3,0x24d0911334bb05a8f51ba64dcee1163f03aad8c09a874e9bb680c044650cd673
how_many_awards_will_sentimental_value_win_at_the_oscars_exactly_4,KXOSCARCOUNT-26-SEN-4,0xd29e6594ec728e57f574734bcc5c22e6dadbcfcfc260fb86ad6df6f1cc3ca07e
how_many_awards_will_sentimental_value_win_at_the_oscars_exactly_5,KXOSCARCOUNT-26-SEN-5,0x6af285a7d08800da62499c1f1bab3ae9d6a7469caa86b5ed085153254c8c595d
how_many_awards_will_marty_supreme_win_at_the_oscars_exactly_2,KXOSCARCOUNT-26-MAR-2,0x01e126ed21f3efa118122f5b2823dca3d95554140acd6520607292e1c95eb653
how_many_awards_will_marty_supreme_win_at_the_oscars_exactly_3,KXOSCARCOUNT-26-MAR-3,0x3d8091831b8c42c2c32a3ca242cf79e74b8dbfab8f90ea35a8cdbf48d8b77577
how_many_awards_will_marty_supreme_win_at_the_oscars_exactly_4,KXOSCARCOUNT-26-MAR-4,0x28113ecdda2f94a1b97a180ecc5b5084297e01112c92a41e072ad41cc879be78
how_many_awards_will_marty_supreme_win_at_the_oscars_exactly_5,KXOSCARCOUNT-26-MAR-5,0x1f492e75cce65bcfd414108958fff0098952e398e17416fb59ba07c208d41aa7
who_will_win_the_2026_d_c_democratic_mayoral_primary_muriel_bowser,KXDCMAYORD-26-MBOW,0xb57ee7394ed65d2fed3914c255a0e368366f6f75075e71826d0bf0f315268f20
who_will_win_the_2026_d_c_democratic_mayoral_primary_brianne_k_nadeau,KXDCMAYORD-26-BNAD,0xb82b77689a74a55992d01281871e301b6c127e2cfab9476c19bf01b734a85e35
who_will_win_the_2026_d_c_democratic_mayoral_primary_kenyan_mcduffie,KXDCMAYORD-26-KMCD,0x7a5ce7ceb8a77b024fa14c123e8267b7ab23ceb53d63b270d92517747e6ece81
who_will_win_the_2026_d_c_democratic_mayoral_primary_gary_goodweather,KXDCMAYORD-26-GGOO,0xbda4383cab42acaf2bf5e96a46fc983e5d87716392996bf277936985ed02ad14
who_will_win_the_2026_d_c_democratic_mayoral_primary_karl_racine,KXDCMAYORD-26-KRAC,0xe43d519c8187accd9bb3c71aeaa4088f5676a2973b8a55ab85e2910023ddb445
who_will_win_the_2026_d_c_democratic_mayoral_primary_christina_henderson,KXDCMAYORD-26-CHEN,0xa5a3adf645da8d7febd5d16912580ff95cd3851cc34166ce0f43eec853ff7544
who_will_win_the_2026_d_c_democratic_mayoral_primary_zachary_parker,KXDCMAYORD-26-ZPAR,0xa9331a9cceb4d83a5bc12a26ae3e79a647122024ab6f1fd4c785fefd0dca0fc6
who_will_win_the_2026_d_c_democratic_mayoral_primary_phil_mendelson,KXDCMAYORD-26-PMEN,0xaf469095c53313acfcfc4b34659779739c31d179cca6d960be2e777f0ef32742
who_will_win_the_2026_d_c_democratic_mayoral_primary_brooke_pinto,KXDCMAYORD-26-BPIN,0xd3635a3419bcccea334cf212a0a2563757361bc3975d74784c7d43fdffcf473e
who_will_win_the_2026_d_c_democratic_mayoral_primary_brian_schwalb,KXDCMAYORD-26-BSCH,0x83ae11433d9fbfc2d1b0ac20737238e14de1a49aad8ac9c843f0095929076992
will_napoli_finish_in_the_top_4_in_the_2025_26_serie_a_season_napoli,KXSERIEATOP4-26-NAP,0xa8e2f123b6001c0f63d2bafa4f654acd1500a413b2e12110686b90c393c49da0
will_juventus_finish_in_the_top_4_in_the_2025_26_serie_a_season_juventus,KXSERIEATOP4-26-JUV,0x9a03ddc0d2d1433bd1d20738546294260eb3556b6902d54e8b5ec35244f5224b
will_pisa_finish_in_the_top_4_in_the_2025_26_serie_a_season_pisa,KXSERIEATOP4-26-PIS,0x7506f659f1b71761948b3c67d111bb52b012ca4134fb8b3257b18ade28d90350
will_udinese_finish_in_the_top_4_in_the_2025_26_serie_a_season_udinese,KXSERIEATOP4-26-UDI,0x03b5718e7f07789da17604b57a3dd4fa54550a5f2a7b625c7ec4937d6d3ddc2b
will_roma_finish_in_the_top_4_in_the_2025_26_serie_a_season_roma,KXSERIEATOP4-26-ROM,0xc08d2c4adafae24cb956c6baee9c0ed5ebb2d95656ad51aa61ba4e54878758cf
will_atalanta_finish_in_the_top_4_in_the_2025_26_serie_a_season_atalanta,KXSERIEATOP4-26-ATA,0xa5e9fa6e7af5d27abd336a3bbf0b0a66ff4fff23568f9e7608e991fe5dab1b8b
will_cagliari_finish_in_the_top_4_in_the_2025_26_serie_a_season_cagliari,KXSERIEATOP4-26-CAG,0x2a1198bfcb62030d6227ddef065865ca6232106e52c0da938d2fa1a0776d209e
will_como_finish_in_the_top_4_in_the_2025_26_serie_a_season_como,KXSERIEATOP4-26-COM,0xfef5db00966a292a4dc0325bc2706d480e2ea800d6499863998aecfc1e9ca319
will_torino_finish_in_the_top_4_in_the_2025_26_serie_a_season_torino,KXSERIEATOP4-26-TOR,0x7892d5758d782d560482348486cfa9edd2391971b868d76c4303974b2e8bf597
will_inter_finish_in_the_top_4_in_the_2025_26_serie_a_season_inter,KXSERIEATOP4-26-INT,0xa20af73c7ae2a39a26a5427be079c6cc7fb11dd03aafda37915cc86e9288386d
will_lazio_finish_in_the_top_4_in_the_2025_26_serie_a_season_lazio,KXSERIEATOP4-26-LAZ,0x72b7ced0ca9617cd4ea84e990245c95862c99075f4ccd83466ae0dbb256fc971
will_bologna_finish_in_the_top_4_in_the_2025_26_serie_a_season_bologna,KXSERIEATOP4-26-BFC,0x57aba5153e307d1645ebe0fd331e5fd410b463f0ddd32bb77226a584e0d19edd
will_sassuolo_finish_in_the_top_4_in_the_2025_26_serie_a_season_sassuolo,KXSERIEATOP4-26-SAS,0x023a12749ad7b8e95bfda836cf4e229ff3e7c6bd79c95a7a397df70a59414ff2
will_genoa_finish_in_the_top_4_in_the_2025_26_serie_a_season_genoa,KXSERIEATOP4-26-GEN,0x8257e2d062694629bb0e3ca202bdfba92b2a5e5abdc51855df0ddec183546ccf
will_fiorentina_finish_in_the_top_4_in_the_2025_26_serie_a_season_fiorentina,KXSERIEATOP4-26-FIO,0x9802f2c6f4885d940d56710505b89c1e16ddadfdba9f2543b0b105709f6a544e
will_lecce_finish_in_the_top_4_in_the_2025_26_serie_a_season_lecce,KXSERIEATOP4-26-LEC,0xdeed434fc7713c8c3aa16534c9183ef0f30a4ad38947697575b28aa651eab17b
how_many_awards_will_hamnet_win_at_the_oscars_exactly_2,KXOSCARCOUNT-26-HAM-2,0xe20471228132b968f669018e5c8df6184c2e7bdff57a31ca64a0a1ef09bb779e
how_many_awards_will_hamnet_win_at_the_oscars_exactly_3,KXOSCARCOUNT-26-HAM-3,0xcf41ec521d941b5f9edf980761945d98a03e28361be18d58ee52e3d5c04ab0fe
how_many_awards_will_hamnet_win_at_the_oscars_exactly_4,KXOSCARCOUNT-26-HAM-4,0xe5756a652837485fa2e793ec0a7d8f2a67d9627e2662ddc96bad400782bf6015
how_many_awards_will_hamnet_win_at_the_oscars_exactly_5,KXOSCARCOUNT-26-HAM-5,0x6bd83e6ada806479bd390c2ef216bf068516ac904f4ebe853d246eeba82e5049
how_many_awards_will_frankenstein_win_at_the_oscars_exactly_2,KXOSCARCOUNT-26-FRA-2,0x7637152211a3b023ae829fb73e3353d2ae3ba8486143ad7a1525085af70e5389
how_many_awards_will_frankenstein_win_at_the_oscars_exactly_3,KXOSCARCOUNT-26-FRA-3,0xc3b0677f12de966297fb2a879522042addba39552f618afc04263c3a5aa757a6
how_many_awards_will_frankenstein_win_at_the_oscars_exactly_4,KXOSCARCOUNT-26-FRA-4,0x17bdb343394fa1c5f68516c7ce8add987dd10360e5061a2c46e0a2ec5085b529
how_many_awards_will_frankenstein_win_at_the_oscars_exactly_5,KXOSCARCOUNT-26-FRA-5,0xbcb7c86f6eace415e4b8576d960598bac9d1a671f2521ed06c990741a130832c
how_many_awards_will_sinners_win_at_the_oscars_exactly_4,KXOSCARCOUNT-26-4,0x604dc4df290145ae3e259548bfdd1f7fbdc91696d698db7a396487fbe3823cf6
how_many_awards_will_sinners_win_at_the_oscars_exactly_5,KXOSCARCOUNT-26-5,0xad8e66948595968c5eb29fbda0c805ea53a0f45e00310f07b10c7e7681027c04
how_many_awards_will_sinners_win_at_the_oscars_exactly_6,KXOSCARCOUNT-26-6,0xf1fc4a30106f75742aa4e2ad021fbed0ed38a106163053f6eab77f136b1c4081
how_many_awards_will_sinners_win_at_the_oscars_exactly_7,KXOSCARCOUNT-26-7,0xeaa18e2d38c6f01eacd2f0be24049b2eac5d8517253d4df6be454aa9bdc62fc1
how_many_awards_will_sinners_win_at_the_oscars_exactly_8,KXOSCARCOUNT-26-8,0x0e5c17b4c5133937f40aa096c768d7f0bf559bd2af04508fb572f2dcfe444fc7
how_many_awards_will_sinners_win_at_the_oscars_exactly_9,KXOSCARCOUNT-26-9,0xa966574bf890b3c1c4ca7621278e0dfac562a2f3f4669a6232c56f1bf6b9c520
who_will_win_the_fields_medal_in_2026_hong_wang,KXFIELDS-26-HWAN,0xd74fcb17049c77b2e4312931de0c8d6c06ca28e23645cfd19772a142a92c88fe
who_will_win_the_fields_medal_in_2026_jacob_tsimerman,KXFIELDS-26-JTSI,0xb7867ccbeebaaa4a51278c4b7bb08c5d7de8e5d4e48f6150f03cc776dce2f817
who_will_win_the_fields_medal_in_2026_yu_deng,KXFIELDS-26-YDEN,0xce361643116d65999278058d79744d37ba0a9ef6c439e095df21716bdd5d949f
who_will_win_the_fields_medal_in_2026_jack_thorne,KXFIELDS-26-JTHO,0x31ff4152662e8e50faff8ad80ff5561054753b27a5a4801aa95d3b08ccd2494e
who_will_win_the_fields_medal_in_2026_john_pardon,KXFIELDS-26-JPAR,0xdef79aab7ed2ea2b1cf53f2c20d353380ff1583eb7e4b29109dc7c667f0d298f
who_will_win_the_fields_medal_in_2026_sam_raskin,KXFIELDS-26-SRAS,0x7014fc8058f02a7acc7cb0051a24d75bdbcf08db04392e119ceacf3e791c9e43
who_will_win_the_fields_medal_in_2026_julian_sahasrabudhe,KXFIELDS-26-JSAH,0xaec72d4f87e99615a333176329a7f62310eb68e3a32c1b73a882a9110ccd254c
who_will_win_the_fields_medal_in_2026_aleksandr_logunov,KXFIELDS-26-ALOG,0xc8fd0988416e7299aaf762cf3c6c7a83e5c0ef4093e927ee48b1a85fe8062942
who_will_win_the_fields_medal_in_2026_alexander_efimov,KXFIELDS-26-AEFI,0x8a8a885a2d36304757780431ebf620f4a31ab78a254020cb0f6300f9de81bed3
where_will_trump_and_putin_next_meet_turkey,KXPUTINDJTLOCATION-29-TUR,0x370ee4a82b6b36581ebf892d41ee60ad926d54db92721e0e9c3a77b7778d15c7
where_will_trump_and_putin_next_meet_china,KXPUTINDJTLOCATION-29-PRC,0x54904e2a225c195eeb6984d417a222264fe9cc7f64b90449853b7499f1d8679a
who_will_win_the_fields_medal_in_2026_will_sawin,KXFIELDS-26-WSAW,0xf7a786e2562ac4087406521ed0b1cea006949ac070e2aa3f5c443a53427a1be7
will_elon_musk_be_a_trillionaire_before_2027_before_2027,KXMUSKTRILLION-27,0x0f3ae5d23882fb840762fd35de11fc31b0fbdc9e41e8666cdfae9d627f93f517
will_trump_recognize_somaliland_before_2027,KXRECOGSOMALI-29-27,0x48b6208c56c2bac5c29f4c91e951c2c17d706b38168d0487860e449a0bffb01a
will_bitcoin_outperform_gold_in_2026_in_2026,KXBTCVSGOLD-26,0xdcae9573d5680a2c958cca4676ed28df7a06861572124f3396cc60ab6b92b9c2
what_will_nebius_group_n_v_say_during_their_next_earnings_call_tripleten_triple_ten,KXEARNINGSMENTIONNBIS-26JUN30-TRIP,0xee6c9eee39fa42357e3d7793dd55afd84ba5a82436382ef9d4f89a6a62f8610c
what_will_nebius_group_n_v_say_during_their_next_earnings_call_clickhouse_click_house,KXEARNINGSMENTIONNBIS-26JUN30-CLIC,0xbb5a815009a3f70ceeaa29070c04d82df87eb3ef25afe03181df3bb02b800c9d
will_lana_del_rey_attend_taylor_swift_and_travis_kelce_s_wedding_lana_del_rey,KXTAYLORSWIFTWEDDINGATTEND-28DEC31-LAN,0xd8dc80453af3856a9bce2384a08243b1c2cbbdabe6a2786de2a04c6781c34ae5
what_will_nebius_group_n_v_say_during_their_next_earnings_call_hyperscaler,KXEARNINGSMENTIONNBIS-26JUN30-HYPE,0x1aa13817972470bb7a9d1392a8cd87e73f5da7c89e621314dba1849353b6f308
what_will_nebius_group_n_v_say_during_their_next_earnings_call_cash,KXEARNINGSMENTIONNBIS-26JUN30-CASH,0xa9f03f3720a15f04cd76a808dc025835e041a99c8a9f05f11090901b47b92ed5
what_will_nebius_group_n_v_say_during_their_next_earnings_call_token,KXEARNINGSMENTIONNBIS-26JUN30-TOKE,0xaac465c12d1f044940dadabf2661b5b5a24adf3366d7c5401ed3ad6e438839a2
what_will_nebius_group_n_v_say_during_their_next_earnings_call_meta,KXEARNINGSMENTIONNBIS-26JUN30-META,0x62c3238ba632ac7bba2587d9c3e7d8027fff51140a8daa4468b11884574fdbda
what_will_nebius_group_n_v_say_during_their_next_earnings_call_uber,KXEARNINGSMENTIONNBIS-26JUN30-UBER,0x21d2b74d2cb0ca335fbb8ebdb6005325fbb84f2c7e0c79b607aef8723a02714f
what_will_nebius_group_n_v_say_during_their_next_earnings_call_aether,KXEARNINGSMENTIONNBIS-26JUN30-AETH,0x9cb200bdc18f99200a6b73c6cba9e29ed27281505e478a2092a97436c71b74d8
what_will_nebius_group_n_v_say_during_their_next_earnings_call_robotics,KXEARNINGSMENTIONNBIS-26JUN30-ROBO,0x7a9067fba600a96023f4f6e859209b2a71f1bfcbd7950f4b5a78cd950bddd19f
what_will_nebius_group_n_v_say_during_their_next_earnings_call_neocloud,KXEARNINGSMENTIONNBIS-26JUN30-NEO,0x80ac72022d1d74a712f13511ffce5e168ce1253f6fd62fe71c8a49859a630810
what_will_nebius_group_n_v_say_during_their_next_earnings_call_nvidia,KXEARNINGSMENTIONNBIS-26JUN30-NVID,0xf9e412a338c78b2769b737304b8b5a0188347f24773c945ea55df80de7cd0b95
will_west_indies_win_the_2026_icc_men_s_t20_world_cup_west_indies,KXT20WORLDCUP-26-WI,0x9b5e11ac8c76cc22852a1dbaf294115419b533067e7c11e38804e280f525a138
will_united_states_win_the_2026_icc_men_s_t20_world_cup_united_states,KXT20WORLDCUP-26-USA,0xdfe632f9c4252b2755536242dbb5d8c3e92f72d2a3ad6424296293fc9f815a46
will_new_zealand_win_the_2026_icc_men_s_t20_world_cup_new_zealand,KXT20WORLDCUP-26-NZ,0x8e9004479d7eb9f996dcb341339a662f350470f99b367e680a840ffe04d7bcf4
will_sri_lanka_win_the_2026_icc_men_s_t20_world_cup_sri_lanka,KXT20WORLDCUP-26-SRI,0xf8908ae06efc68c2dc3740cfd9e5f2c43f10bbfd8b803d82a5c7a94abbacfaa7
will_south_africa_win_the_2026_icc_men_s_t20_world_cup_south_africa,KXT20WORLDCUP-26-RSA,0xe6d29a7a8e37ec0f4136d8b1ccd750055ed8b3756b482115c14d06a5db451f74
will_trump_next_nominate_bill_pulte_as_fed_chair_bill_pulte,KXFEDCHAIRNOM-29-BPUL,0xc82669901de7cb0be25c1d8de39fbbe8e2ddc0aacba0a30a663ed13c3b9eb06d
will_trump_next_nominate_kevin_warsh_as_fed_chair_kevin_warsh,KXFEDCHAIRNOM-29-KW,0x61b66d02793b4a68ab0cc25be60d65f517fe18c7d654041281bb130341244fcc
will_trump_next_nominate_kevin_hassett_as_fed_chair_kevin_hassett,KXFEDCHAIRNOM-29-KH,0xdcc87b9ca36015e396bd0eebca29e854a136ed2b0b701049d1ee9da6bee3eb35
will_trump_next_nominate_arthur_laffer_as_fed_chair_arthur_laffer,KXFEDCHAIRNOM-29-AL,0xe844e12246d8504b8ec30c1d461718dbc9645fb73487ca50e5e716eefbb2bc63
will_trump_next_nominate_larry_kudlow_as_fed_chair_larry_kudlow,KXFEDCHAIRNOM-29-LK,0x22d3d4722ce79dae5b2594df2ce89b1c283e3227b78718353bcca2e854d115a4
will_trump_next_nominate_judy_shelton_as_fed_chair_judy_shelton,KXFEDCHAIRNOM-29-JS,0x46d40e851b24d9b0af4bc1942ccd86439cae82a9011767da14950df0ad997adf
will_trump_next_nominate_jerome_powell_as_fed_chair_jerome_powell,KXFEDCHAIRNOM-29-JP,0x60acc46cda1f0619259acf3ef8c77bf734ff08cbed256ca3d1e9444138e21266
will_trump_next_nominate_ron_paul_as_fed_chair_ron_paul,KXFEDCHAIRNOM-29-RP,0xfee4b6988b9513dab72118c97abeb4369f0d9a7c2290337ca5d5c2f116a148c2
will_trump_next_nominate_christopher_waller_as_fed_chair_christopher_waller,KXFEDCHAIRNOM-29-CWAL,0x705371444684d676041d1010a94cae3a657340fa4809b4307de3c173a35e0957
will_trump_next_nominate_scott_bessent_as_fed_chair_scott_bessent,KXFEDCHAIRNOM-29-SBES,0xdb1ae961e30733e7857ebb425b5f6449fa8032de13f32c1c6e447a0c3801ca04
will_trump_next_nominate_howard_lutnick_as_fed_chair_howard_lutnick,KXFEDCHAIRNOM-29-HLUT,0xcba397f49b319dccb5f1b92c3710518d1c4f8f1dee86577b4bb243f3ca77e389
will_trump_next_nominate_david_zervos_as_fed_chair_david_zervos,KXFEDCHAIRNOM-29-DZER,0x92291ad59a105b0fb205f8aa2d3d2dbba7ee249ad6532672c854eaaf79fc135c
will_trump_next_nominate_david_malpass_as_fed_chair_david_malpass,KXFEDCHAIRNOM-29-DMAL,0x998acf9ed1bbda06d59df70786441468872c72b2de59cacbea93625b14a5efcb
will_trump_next_nominate_marc_sumerlin_as_fed_chair_marc_sumerlin,KXFEDCHAIRNOM-29-MSUM,0xecb8543d8b5072ab44f216f0d18830d0276bfcbb6b51bfd14c62540560cc7a88
will_trump_next_nominate_stephen_miran_as_fed_chair_stephen_miran,KXFEDCHAIRNOM-29-SMIR,0x94947a23e965124fa382e3ff89827b7bb00c2e2f3f9c0b92137e639d4cbfb080
will_trump_next_nominate_michelle_bowman_as_fed_chair_michelle_bowman,KXFEDCHAIRNOM-29-MBOW,0xfc6eace32f283eda179c15d447fe61f0426846bace5c583a967ddeaba58c2f93
will_trump_next_nominate_philip_jefferson_as_fed_chair_philip_jefferson,KXFEDCHAIRNOM-29-PJEF,0xfbb2046e013da7b66ecedf3a9de63ce446fd57c23ccc77cd019991f485522236
will_trump_next_nominate_lorie_logan_as_fed_chair_lorie_logan,KXFEDCHAIRNOM-29-LLOG,0xdc609df6c167499ecd2beffda05a1ddaeca7ed3269a805f7b9a4afd5e96cf2e5
will_trump_next_nominate_larry_lindsey_as_fed_chair_larry_lindsey,KXFEDCHAIRNOM-29-LLIN,0x95657cd92502a3b132163cb9c77f5f16771dda1faa33a3977364f11a945d68f0
will_trump_next_nominate_janet_yellen_as_fed_chair_janet_yellen,KXFEDCHAIRNOM-29-JYEL,0xc71855fc12bcc7fed8448d4eb863a3aab497e8bbd135ee54d5a8ddb03c4ea1f9
will_selena_gomez_attend_taylor_swift_and_travis_kelce_s_wedding_selena_gomez,KXTAYLORSWIFTWEDDINGATTEND-28DEC31-SEL,0xcb7d75e697bfc9e6a30d07ae0a5054922a8f82b444d62a95e9fa4b2d1d9c0867
will_blake_lively_attend_taylor_swift_and_travis_kelce_s_wedding_blake_lively,KXTAYLORSWIFTWEDDINGATTEND-28DEC31-BLA,0xf56889493e2ee9071728078056562341c63793a9cffe4852352a236b8642f26b
will_phoebe_bridgers_attend_taylor_swift_and_travis_kelce_s_wedding_phoebe_bridgers,KXTAYLORSWIFTWEDDINGATTEND-28DEC31-PHO,0xb824d3ee954d657e75d8f28b478c52a1b9c740ffa62620fc68c41b89f0942bc4
will_este_haim_attend_taylor_swift_and_travis_kelce_s_wedding_este_haim,KXTAYLORSWIFTWEDDINGATTEND-28DEC31-EST,0x52df1d538aca1242b08834637708b046c15732a9aff3211ce6f6c240a753f41f
will_danielle_haim_attend_taylor_swift_and_travis_kelce_s_wedding_danielle_haim,KXTAYLORSWIFTWEDDINGATTEND-28DEC31-DAN,0xbc88a1fd20ced1ccf45506178e78261c11ecb45ec0a5a35198156228fa4e1e39
will_alana_haim_attend_taylor_swift_and_travis_kelce_s_wedding_alana_haim,KXTAYLORSWIFTWEDDINGATTEND-28DEC31-ALA,0xd94b679b3fac09091f0e3a492bcc4fde8aa063d019be7a05833eea14ca844199
will_gracie_abrams_attend_taylor_swift_and_travis_kelce_s_wedding_gracie_abrams,KXTAYLORSWIFTWEDDINGATTEND-28DEC31-GRA,0x9d7fa24b7f45d2c5e6f59f84a5f64f4759a0adb0df212586f0d320a15040f4c9
will_sabrina_carpenter_attend_taylor_swift_and_travis_kelce_s_wedding_sabrina_carpenter,KXTAYLORSWIFTWEDDINGATTEND-28DEC31-SAB,0xe3f0d2290fa8afa6d120e9e090ef75244cbadc2b0cc83669d289c758126a481c
will_brittany_mahomes_attend_taylor_swift_and_travis_kelce_s_wedding_brittany_mahomes,KXTAYLORSWIFTWEDDINGATTEND-28DEC31-BRI,0x5b7393268fc1f55d066b532e5872d8746335b1625d3f7c1252d8a19fedd303f6
will_patrick_mahomes_attend_taylor_swift_and_travis_kelce_s_wedding_patrick_mahomes,KXTAYLORSWIFTWEDDINGATTEND-28DEC31-PAT,0x3edaa2ff2a5ec59e98190860dfa46d2baadb852fb21e1a2bf184eec8d216f76c
will_jack_antonoff_attend_taylor_swift_and_travis_kelce_s_wedding_jack_antonoff,KXTAYLORSWIFTWEDDINGATTEND-28DEC31-JAC,0x01650214bee3782ba689c78b4a5179c5dbcdd84212c01e872399f14799272cb7
will_max_martin_attend_taylor_swift_and_travis_kelce_s_wedding_max_martin,KXTAYLORSWIFTWEDDINGATTEND-28DEC31-MAX,0x0d9d760ff17a0e64ff9b67f48893c0b1ae4874cd462ce6c2d38c82e2b9171fda
will_jared_goff_attend_taylor_swift_and_travis_kelce_s_wedding_jared_goff,KXTAYLORSWIFTWEDDINGATTEND-28DEC31-JAR,0xbc1acc2e281d91fc91e52529a46a2e1069b0de1ae63a597cc9515a3ab305212d
will_fran_ois_ruffin_win_the_2027_french_presidential_election,KXFRENCHPRES-27-FRUF,0x4c799a8378d60f34f055cf5c61fc3f6f1a6e7abe5d5384ef37961c506eab867c
will_ana_paula_renault_win_big_brother_brasil_26_ana_paula_renault,KXBIGBROTHERBRAZIL-27JAN01-ANA,0xba08eb1058c8d76931edc7667ae916facd1493fe0e8231aa181e566385c4392b
will_ronaldo_caiado_win_the_2026_brazilian_presidential_election_brazil_union,KXBRPRES-26-RCAI,0xbca3d70ec52a5a441ccc365a3b1b48b9cd0f08dfff4bc5871e2cd92d0d92caa1
will_hellas_verona_finish_in_the_top_4_in_the_2025_26_serie_a_season_hellas_verona,KXSERIEATOP4-26-VER,0x71d3810926c1345ff5374e2c566761ee1ebaa2a6b8c8f09cf84ecba7925f5af9
will_parma_calcio_finish_in_the_top_4_in_the_2025_26_serie_a_season_parma_calcio,KXSERIEATOP4-26-PAR,0x7584923a0e5b7ba1105662bf077da88ec69bc96d879e26a9fda493e06f3e1725
will_pakistan_win_the_2026_icc_men_s_t20_world_cup_pakistan,KXT20WORLDCUP-26-PAK,0xebbe43199a5d30d2b90a6e06fc9f43c10b4234fd4b85cc323aac18d2de94d3dd
will_netherlands_win_the_2026_icc_men_s_t20_world_cup_netherlands,KXT20WORLDCUP-26-NED,0xac893f4ca0fdd1ce90f3ad74740b5eccf50b60105d3ed9f972c938ee047f81ce
will_india_win_the_2026_icc_men_s_t20_world_cup_india,KXT20WORLDCUP-26-IND,0xfa4ea5b78e44fe46b1cca9e1452293e3d4def76af29a7628905be72606d5763f
will_afghanistan_win_the_2026_icc_men_s_t20_world_cup_afghanistan,KXT20WORLDCUP-26-AFG,0x0b01193c226afbf31cb150897a554ba9885a7b3ef8cddc4780d365d079e017a1
will_england_win_the_2026_icc_men_s_t20_world_cup_england,KXT20WORLDCUP-26-ENG,0xd429c663f8d389b281f0322acbbd3d41f4a697638a3b1319d337218d4a05699f
will_nepal_win_the_2026_icc_men_s_t20_world_cup_nepal,KXT20WORLDCUP-26-NEP,0x6b964986889875ead35e03f73ebe64cbd7eb867748f3b9db9b56194ee5b8715b
will_ireland_win_the_2026_icc_men_s_t20_world_cup_ireland,KXT20WORLDCUP-26-IRL,0xc930fd51fc6ea8a3c2df78670357afffe61cb30dade4b3fc7c1c4780a3917c08
will_australia_win_the_2026_icc_men_s_t20_world_cup_australia,KXT20WORLDCUP-26-AUS,0x9ae140a1881161875acf6af395fc1f68042a3d5ea2a801151b215ac7e51ded8a
will_italy_win_the_2026_icc_men_s_t20_world_cup_italy,KXT20WORLDCUP-26-ITA,0x9a1b0213f7b9097459e8287f643ea9147a310a727d070b2bf2c54ece8b87ab46
will_zimbabwe_win_the_2026_icc_men_s_t20_world_cup_zimbabwe,KXT20WORLDCUP-26-ZIM,0x7618d4e2896ef75675eccc48ab1f231484632f111b9ab6637e74e8f798f08bd1
will_oman_win_the_2026_icc_men_s_t20_world_cup_oman,KXT20WORLDCUP-26-OMN,0x607ad4d3a504a9227813961b97b62c1d90cac938fbedbfa9257f5c57907be83a
will_canada_win_the_2026_icc_men_s_t20_world_cup_canada,KXT20WORLDCUP-26-CAN,0xc302779622d50a09da8f906a17c6be963ab39827345005e2c0a013653624b6d4
will_namibia_win_the_2026_icc_men_s_t20_world_cup_namibia,KXT20WORLDCUP-26-NAM,0x90d4bdc8746a55f6f99446c22ed96eb5b66db61538bc2f6fec026100bcd8a91b
will_scotland_win_the_2026_icc_men_s_t20_world_cup_scotland,KXT20WORLDCUP-26-SCO,0xb065b71483d1279738e9e50742abf08878692d387bd9fd5fc0456dd2b2ab2051
will_mamdani_raise_the_minimum_wage_to_30_before_2027_yes,KXNYCMINWAGE-27JAN01,0x3f451b060eea0d9bc7d66af72122684cec9db51972b6407402cd9d521a4034cb
will_babu_santana_win_big_brother_brasil_26_babu_santana,KXBIGBROTHERBRAZIL-27JAN01-BAB,0x04b05f67f131be2ae5f7764a7690a0c0f4513a196db86f8f6f420aff734bc2f7
will_jonas_sulzbach_win_big_brother_brasil_26_jonas_sulzbach,KXBIGBROTHERBRAZIL-27JAN01-JON,0x639f7e4585592c664a719056d6bd03164d9cb2379e505c22641867fd439a7256
will_juliano_floss_win_big_brother_brasil_26_juliano_floss,KXBIGBROTHERBRAZIL-27JAN01-JUL,0x488317fcc149d0669b0dce80d07f037b1726812ad367d353262379d168b9eb7c
will_sarah_andrade_win_big_brother_brasil_26_sarah_andrade,KXBIGBROTHERBRAZIL-27JAN01-SAR,0x8bfa6457e055aa46ad4096ae9fc3ad5d464de558daec66712114f027528dc0ad
will_sol_vega_win_big_brother_brasil_26_sol_vega,KXBIGBROTHERBRAZIL-27JAN01-SOL,0xe2ce507d0ebcedea973baaa0e55ab541e35412214f9c9243a1da4a2699d9f1fe
will_solange_couto_win_big_brother_brasil_26_solange_couto,KXBIGBROTHERBRAZIL-27JAN01-SOLA,0x02591b71567bcafc0b4cf635270fdbda0074a971dbb976ab2ab6b20a9b934cbb
musk_out_as_tesla_ceo_before_2026_before_2027,TESLACEOCHANGE-26,0x3ad730e7246024cfeed00809f36869dc2b08fa43bc2ff44eb23ea179f7f3782f
will_benjamin_coach_wade_win_survivor_season_50_benjamin_coach_wade,KXSURVIVOR-26DEC31-BEN,0x49e66c0feecc2b3f1496dd1e8fac192a69a5bb755ffb5f7a9c6baf84479f0a1c
will_jenna_lewis_dougherty_win_survivor_season_50_jenna_lewis_dougherty,KXSURVIVOR-26DEC31-JEN,0x02e3977eac28d810a926911d19ddad26aff949efd71ba1ea00e2dcdf7cc2be2f
will_stephenie_lagrossa_kendrick_win_survivor_season_50_stephenie_lagrossa_kendrick,KXSURVIVOR-26DEC31-STE,0x6a0114dc6a07012c5957aca7d396f613c4afa8f7bbbddaf7c11bbd3b0898f909
will_tiffany_nicole_ervin_win_survivor_season_50_tiffany_nicole_ervin,KXSURVIVOR-26DEC31-TIF,0x29730f14a7ac3b6e32aa2491278a342716bde62401a9eac755315e239a74c445
will_jair_bolsonaro_win_the_2026_brazilian_presidential_election_jair_bolsonaro,KXBRPRES-26-JB,0x63d8f3a34c90bd5342dda8acf62b6a898dfa52f86475efaf180b66493ef6af80
will_fernando_haddad_win_the_2026_brazilian_presidential_election_fernando_haddad,KXBRPRES-26-FH,0xdd3d104667774208eae2239f576122ecdd1c04ba81cc14d26d22a36b33887977
will_michelle_bolsonaro_win_the_2026_brazilian_presidential_election_michelle_bolsonaro,KXBRPRES-26-MB,0x37ec4c6b57a18b16eed1241f6155ee7ff45bc1697d7848f15ac33d406e38ed00
will_eduardo_bolsonaro_win_the_2026_brazilian_presidential_election_eduardo_bolsonaro,KXBRPRES-26-EBOL,0xe1d5733322fd2215f136412f419d9ff805d097f78c68de3261515ff736895f2b
will_vegas_golden_knights_win_the_nhl_pacific_division_vegas_golden_knights,KXNHLPACIFIC-26-VGK,0x4e99f6a90d91428c77816ca5884607b744420904cff1df30d5633c6f5eae5108
will_los_angeles_kings_win_the_nhl_pacific_division_los_angeles_kings,KXNHLPACIFIC-26-LA,0x6aad641add088a4802886fbe9c4f28647373465adecda684199ab0ed2ffe9eb6
will_san_jose_sharks_win_the_nhl_pacific_division_san_jose_sharks,KXNHLPACIFIC-26-SJ,0x61ddff37d838fede39ab23e1ab79205bf40f948536852d682326ab9fc90275b8
will_new_jersey_devils_win_the_nhl_metropolitan_division_new_jersey_devils,KXNHLMETROPOLITAN-26-NJ,0xa4cb09d771398953b0eaaf6938613b84e1072e3021bae0e461876a904af80dea
will_new_york_rangers_win_the_nhl_metropolitan_division_new_york_rangers,KXNHLMETROPOLITAN-26-NYR,0x314d4aaaabeb5708ca7382cedf4d6cc03f06917554a11ce6fab64952fb39e0af
will_new_york_islanders_win_the_nhl_metropolitan_division_new_york_islanders,KXNHLMETROPOLITAN-26-NYI,0xb1c5bc3c8534076c9d4a024805b9c6f793b9aa272f016fc40986ae21215bf023
will_columbus_blue_jackets_win_the_nhl_metropolitan_division_columbus_blue_jackets,KXNHLMETROPOLITAN-26-CBJ,0x2fae5ba4f1fdaaf96b01222114d4080f19807b71d6e6fbe375c2a4c068a0e60c
will_st_louis_blues_win_the_nhl_central_division_st_louis_blues,KXNHLCENTRAL-26-STL,0x5aded5cb5f31b71b905b311a1ad119899a7671f4faac65d5caa304350ecb8a03
will_tampa_bay_lightning_win_the_nhl_atlantic_division_tampa_bay_lightning,KXNHLATLANTIC-26-TB,0x6fa908777d31b9b31f311560d879231b8853f7f728278acb3ccc82bf3a52b5d9
will_toronto_maple_leafs_win_the_nhl_atlantic_division_toronto_maple_leafs,KXNHLATLANTIC-26-TOR,0x0ad793512bc74415702a06aefef29488ddf81754d4786dc248d68ca639f9da11
will_detroit_red_wings_win_the_nhl_atlantic_division_detroit_red_wings,KXNHLATLANTIC-26-DET,0x2fe1ed7a92b3afeaca3e65906d79d2177357a269eb5414e7176276073f14d93f
what_will_coinbase_global_inc_say_during_their_next_earnings_call_sec_securities_and_exchange_commission,KXEARNINGSMENTIONCOINBASE-26JUN30-SEC,0x4ae0e0b5c463af944c2c0c44fe493d917936b37665fd435186b13cb7d8eadc2c
will_iran_close_strait_of_hormuz_before_jan_2027_before_jan_2027,KXCLOSEHORMUZ-27JAN,0x5bbabd359667d5bbdb9ee690bb959c9aa4cf4b08b2ae6592118a59753f622d78
will_the_u_s_confirm_that_aliens_exist_before_2027_before_2027,KXALIENS-27,0x747dc809fb79e1b05be09c42d6179459a58de2ef3e40f02484a4e1260f741f75
will_angelina_keeley_win_survivor_season_50_angelina_keeley,KXSURVIVOR-26DEC31-ANG,0x87af1c74404e88b5b81924a6cdc38493da4c65fae3439b734891a987c08818c6
will_aubry_bracco_win_survivor_season_50_aubry_bracco,KXSURVIVOR-26DEC31-AUB,0xa0965c6e18be3e0893f9a3f69cd77e8d998e817dfab4ad7c5388b5f718d1efeb
will_charlie_davis_win_survivor_season_50_charlie_davis,KXSURVIVOR-26DEC31-CHA,0xe4e53f617cab1623057fd2eb11acdb217a447b51eb9d7f2d3635e5daeb2c4e32
will_chrissy_hofbeck_win_survivor_season_50_chrissy_hofbeck,KXSURVIVOR-26DEC31-CHR,0x5f054a6ee3e206bab37a2314af7c8a70451ff623547752eefe6d9bdea0c477cc
will_christian_hubicki_win_survivor_season_50_christian_hubicki,KXSURVIVOR-26DEC31-CHRI,0x33da5ab8a8f333ad40c8d195a883b2fade5d82e94f50a9f1c87676d8baa3ed17
will_cirie_fields_win_survivor_season_50_cirie_fields,KXSURVIVOR-26DEC31-CIR,0xc4901cb13cdc704ae5f79e631dabec454791d6f42efeb4abc9e608048176e9a5
will_colby_donaldson_win_survivor_season_50_colby_donaldson,KXSURVIVOR-26DEC31-COL,0xf01b918caca1283a9aff5cbaf41dd0c86533a6de52ba9d08ab037b59ca9dad2b
will_dee_valladares_win_survivor_season_50_dee_valladares,KXSURVIVOR-26DEC31-DEE,0x3b187c2d1089187ee8843b156ecfa383e08d99ec01a3789fcf58158a18faa499
will_emily_flippen_win_survivor_season_50_emily_flippen,KXSURVIVOR-26DEC31-EMI,0x7d050be7cd2221ce2bf5852e849a0031b35eec9ba621c15ab5fa8060faf62143
will_genevieve_mushaluk_win_survivor_season_50_genevieve_mushaluk,KXSURVIVOR-26DEC31-GEN,0xeb3e533ec7663638476750023667dd703d6f4543f791cb27332b521ecb81c277
will_joe_hunter_win_survivor_season_50_joe_hunter,KXSURVIVOR-26DEC31-JOE,0x1a5a7436b2c93de064f279821fab4ee6dc45b6df864ed60750ac90f1662baf0c
will_jonathan_young_win_survivor_season_50_jonathan_young,KXSURVIVOR-26DEC31-JON,0xe0818e62ab9e8ed5448a486da3dd661b17f4bc388ab3a20c822a1f524cbdeedb
will_kamilla_karthigesu_win_survivor_season_50_kamilla_karthigesu,KXSURVIVOR-26DEC31-KAM,0x9717bd146090710fd37d61d07ec58af2dae1dfb8778596fefbfb4ace61d3f7f4
will_kyle_fraser_win_survivor_season_50_kyle_fraser,KXSURVIVOR-26DEC31-KYL,0x68120e150271d37ef3b0f2ef3ac1dd99b41e1db2f74447804ec187d9e7bf0309
will_mike_white_win_survivor_season_50_mike_white,KXSURVIVOR-26DEC31-MIK,0x98f3b66d0c62ee698a78dd685c18456280b08887843dde99c3bb52a5bcd67b5e
will_ozzy_lusth_win_survivor_season_50_ozzy_lusth,KXSURVIVOR-26DEC31-OZZ,0x669b6cccff5de8b29f970ccce8c80f45af05409e428d4328d8aa38bbf6d05a17
will_quintavius_q_burdette_win_survivor_season_50_quintavius_q_burdette,KXSURVIVOR-26DEC31-QUI,0xb74d05a525aafe825b47ebb3650bd1ffe61e1475bc450cfe1c5372ff7e9e70d0
will_rick_devens_win_survivor_season_50_rick_devens,KXSURVIVOR-26DEC31-RIC,0x1fd1b05f79df79bc1baf759386bf259a5879d65ba49a14d717f0e8a0e1da13a9
will_rizo_velovic_win_survivor_season_50_rizo_velovic,KXSURVIVOR-26DEC31-RIZ,0x355093713e6bd18745724e2c42a8bdfeb8433a08a441b93a7ce27a97b707a9d6
will_savannah_louie_win_survivor_season_50_savannah_louie,KXSURVIVOR-26DEC31-SAV,0x855adeebceac8eb2e93bf5466b7294994f10c4bf70eb00779ef0d84a239673c1
will_edmonton_oilers_win_the_nhl_pacific_division_edmonton_oilers,KXNHLPACIFIC-26-EDM,0xda7e08ef489f722996e957ade4139a4003c707e4b103472ac111672dfe34444e
will_vancouver_canucks_win_the_nhl_pacific_division_vancouver_canucks,KXNHLPACIFIC-26-VAN,0x939343f69d3a8557317086896e15bacecf1deed4e59a33c1b19b34433af4303b
will_anaheim_ducks_win_the_nhl_pacific_division_anaheim_ducks,KXNHLPACIFIC-26-ANA,0xc82d396095e732d6c81c28b49c163d09001302121c372e1a325dcd17e4cd0016
will_calgary_flames_win_the_nhl_pacific_division_calgary_flames,KXNHLPACIFIC-26-CGY,0xfdb9ecdc4493adf96b805169bd5e98b7c68a23539c3e605246db053686113087
will_seattle_kraken_win_the_nhl_pacific_division_seattle_kraken,KXNHLPACIFIC-26-SEA,0x9b7a3c572592ddbdf5fb67c6a8b90f82f2233c5b8375e4566b2c3224584b451d
will_carolina_hurricanes_win_the_nhl_metropolitan_division_carolina_hurricanes,KXNHLMETROPOLITAN-26-CAR,0xa998022efc89d60331ac15e78103dafd765e65eaea433405638c4e293d2b0fa6
will_washington_capitals_win_the_nhl_metropolitan_division_washington_capitals,KXNHLMETROPOLITAN-26-WSH,0xdf1147a549b46d2cc079eceffcf653739c6d9f3a49999991376be28131549a59
will_philadelphia_flyers_win_the_nhl_metropolitan_division_philadelphia_flyers,KXNHLMETROPOLITAN-26-PHI,0x7d4ba8dcb046beb80f145df95f18fb2943e1ad2e239db48fc1aa04e9126e3e49
will_pittsburgh_penguins_win_the_nhl_metropolitan_division_pittsburgh_penguins,KXNHLMETROPOLITAN-26-PIT,0x887189ad852792737368eab5f3c63345eb8df899d35cb0097723a42b81fc7100
will_dallas_stars_win_the_nhl_central_division_dallas_stars,KXNHLCENTRAL-26-DAL,0x7b3d7865d3abd24d63e6cb7072030319e18a557f4fa22647f4bd29c62a6b1241
will_colorado_avalanche_win_the_nhl_central_division_colorado_avalanche,KXNHLCENTRAL-26-COL,0x8d449d229ce0e278fd98290eabf93064f369b317b882d3bd3d9ad79e51f3cc82
will_winnipeg_jets_win_the_nhl_central_division_winnipeg_jets,KXNHLCENTRAL-26-WPG,0x7a1890ea64a7408ab1523979c8d0166253de8f7e03e2d221eff20b1598b72cf2
will_minnesota_wild_win_the_nhl_central_division_minnesota_wild,KXNHLCENTRAL-26-MIN,0xc7d7a35cdb142441f57ae992e59c128cce37bd77e2ea7c42a9a8b3a775d5b85a
will_nashville_predators_win_the_nhl_central_division_nashville_predators,KXNHLCENTRAL-26-NSH,0x7010087bd103da4c51f82242f5cc79825df9bd4c8394437f7c1bbbe086af0577
will_chicago_blackhawks_win_the_nhl_central_division_chicago_blackhawks,KXNHLCENTRAL-26-CHI,0xa5c14d577e5adafc1d0fa55a44304862d632aec5c6988528cc7a169d2184cbef
will_florida_panthers_win_the_nhl_atlantic_division_florida_panthers,KXNHLATLANTIC-26-FLA,0xff2bc84c860418156db85e56b0bf6ce28cbce88b9f3ec9623c3c3dc033c744f7
will_ottawa_senators_win_the_nhl_atlantic_division_ottawa_senators,KXNHLATLANTIC-26-OTT,0x11d8dcfa0ba6d71df80ddba37757a01c5753def823121dcd165d93f04cf850e5
will_montreal_canadiens_win_the_nhl_atlantic_division_montreal_canadiens,KXNHLATLANTIC-26-MTL,0x7f80a3bd274ff36b37bc6d389ad9f5ad24eeea8ba4767719bd09815cd8a15fe0
will_buffalo_sabres_win_the_nhl_atlantic_division_buffalo_sabres,KXNHLATLANTIC-26-BUF,0x37bf39fd0a592322aeddcd477aadf8912609afc3e07976692cb8a472185d1582
will_boston_bruins_win_the_nhl_atlantic_division_boston_bruins,KXNHLATLANTIC-26-BOS,0x2b61e6763dfa41da86225acfead8d145d53a34032ca963b11ca88a9233ffd98a
what_will_coinbase_global_inc_say_during_their_next_earnings_call_regulator_regulatory_regulation,KXEARNINGSMENTIONCOINBASE-26JUN30-REGU,0xe44bf475f069559496942f186ae2edd8a8ff6bd89a62f6b29b65d50e86286aaa
what_will_coinbase_global_inc_say_during_their_next_earnings_call_decentralized_exchange_dex,KXEARNINGSMENTIONCOINBASE-26JUN30-DEX,0x12e037251ce3f94c88d60f440116ad9d14e0ea64897425096176bbe60e787d80
what_will_coinbase_global_inc_say_during_their_next_earnings_call_ethereum_eth,KXEARNINGSMENTIONCOINBASE-26JUN30-ETHE,0xbb139db634b1df8769affe563652e81ea0b3d3d4811b6405054825da291b816f
what_will_coinbase_global_inc_say_during_their_next_earnings_call_staking_stake,KXEARNINGSMENTIONCOINBASE-26JUN30-STAK,0x7f27871e0f9ed9382c7bb7e2d5bcf0ddda434a626f8bf74462a9bef040cf472c
what_will_coinbase_global_inc_say_during_their_next_earnings_call_institution_institutional,KXEARNINGSMENTIONCOINBASE-26JUN30-INST,0x03d6b95dd4da524938a80011658c2c9641135635eda16d07ae9dee14abca3357
what_will_coinbase_global_inc_say_during_their_next_earnings_call_custodial_custody,KXEARNINGSMENTIONCOINBASE-26JUN30-CUST,0xe2fb6e9dddf4f577a0ad497844778ae600f433eb4e4e8aeed619f0d708cb169d
eurovision_winner_2026_san_marino,KXEUROVISION-26-SAN,0xa2aa548967ab1c300887749c7313386015167eb3419109009ff9dbeaa3dd35e0
eurovision_winner_2026_united_kingdom,KXEUROVISION-26-UNI,0x92fe546f73bbe6f2c1e6f5ad8ebfc78c2b9ae4a45ae9c89269118bae045e3a2b
who_will_be_the_next_secretary_general_of_un_maria_fernanda_espinosa_garc_s,KXUNSEC-27JAN-MFER,0x5e3bd109fcd8d8f3af85391151f8c44b6068a82e6b419384db03d68716166519
what_will_coinbase_global_inc_say_during_their_next_earnings_call_blockchain,KXEARNINGSMENTIONCOINBASE-26JUN30-BLOC,0x12219235af5b6018991a247eada28ee3c71a5b2327033cd89526ad132bd4f36e
what_will_coinbase_global_inc_say_during_their_next_earnings_call_web3,KXEARNINGSMENTIONCOINBASE-26JUN30-WEB3,0x0d650fd5cad156130d56ba8476f877cc6574c240f5e3846340549300fd667b6f
what_will_coinbase_global_inc_say_during_their_next_earnings_call_subscription,KXEARNINGSMENTIONCOINBASE-26JUN30-SUBS,0x066c18e806481c8040d45ce735b60137311d0fc924eaff9b8d1f1d0652b8d127
what_will_coinbase_global_inc_say_during_their_next_earnings_call_stablecoin,KXEARNINGSMENTIONCOINBASE-26JUN30-STAB,0xb61a9bb670ca61723fb1b0959181bb4c381e51374027b4e359c360186ea1cc24
what_will_coinbase_global_inc_say_during_their_next_earnings_call_bitcoin,KXEARNINGSMENTIONCOINBASE-26JUN30-BITC,0xe6923914e8bc0d5944154289c86b753eb2881acf7769ff7aa572f9c3d02ab99b
what_will_coinbase_global_inc_say_during_their_next_earnings_call_international,KXEARNINGSMENTIONCOINBASE-26JUN30-INTE,0xfef539c318fae792c499d491848fd23597bab3d5eefb78d5ae1b58f89fd348ab
what_will_coinbase_global_inc_say_during_their_next_earnings_call_margin,KXEARNINGSMENTIONCOINBASE-26JUN30-MARG,0x3dc8d64cc0d665a838ddb78c2e86f47ac8cd67245bfad2cde476a8162f00f848
eurovision_winner_2026_albania,KXEUROVISION-26-ALB,0x1ba55cf8a3b8ffa3a8646a68c13e345ed1f5e3a33381a823ad132a4920054a82
eurovision_winner_2026_armenia,KXEUROVISION-26-ARM,0x2b1a5aa2f2bad83ac7efacfa77328930a010b3eb6208313767b591bb3757bea1
eurovision_winner_2026_australia,KXEUROVISION-26-AUS,0x78547b8ae17c8a584116cc36c30ebbdab2591de259d35868958d806f4c3c211d
eurovision_winner_2026_austria,KXEUROVISION-26-AUST,0x3dbf1d213f9048353b073e8b02585b1d378b88cd05599abd23b00709120ad1f7
eurovision_winner_2026_azerbaijan,KXEUROVISION-26-AZE,0x3cc62b3ec93e53e0766cecb28f57f55acb9ca73ffdfa0e4b0a1b914aebb30046
eurovision_winner_2026_belgium,KXEUROVISION-26-BEL,0xebea087687d29abcfc7ff807e68790c32b8aca18ff33d196ece0f54282b306b4
eurovision_winner_2026_bulgaria,KXEUROVISION-26-BUL,0xff081c52486b2843da251a6d97187318a578af62f2a16cb47c9531fea1e8c1ee
eurovision_winner_2026_cyprus,KXEUROVISION-26-CYR,0xd1e7c5497dcdc8e923a02f9ed7f9157833994b95a2640dd6d0318ac4f8409fdb
eurovision_winner_2026_croatia,KXEUROVISION-26-CRO,0xda3350bc16ec1c54978a76eaae962efb8630a22bc00d296d769f15c2e51ecaf1
eurovision_winner_2026_czechia,KXEUROVISION-26-CZE,0xb6cce28b07b752946a3f9ce95bc15e43166a088cbeb84e77719e5983d3bf6ac4
eurovision_winner_2026_denmark,KXEUROVISION-26-DEN,0x2baed9d4160afbaf16209d5e2d309393904cd4815b1db17c27630bb34637cd13
eurovision_winner_2026_estonia,KXEUROVISION-26-EST,0xe39dd4dda2144c32921db11ee31127555dcf7dbabbf4a3b65f2413cf601f3908
eurovision_winner_2026_finland,KXEUROVISION-26-FIN,0xc6ddb19f848ac363330d0a690cfe6818d4c51e837161a41d42675eda27767ed0
eurovision_winner_2026_france,KXEUROVISION-26-FRA,0xac5a968ce63080fd83fcb9a8eb73512f0ad4f0c689a86740b37969f5fb62bb78
eurovision_winner_2026_georgia,KXEUROVISION-26-GEO,0x295d35d1c69380d0938903dc7f70cf035c0f1283bccb502d651be8a1c1e1d390
eurovision_winner_2026_germany,KXEUROVISION-26-GER,0xffb1ee3a720ba2499f4f3b24e1bceadb57b005904f2542d2c2a00c887db46330
eurovision_winner_2026_greece,KXEUROVISION-26-GRE,0x7382a5e41b0fec7ba5fd4d62191fc1cf4504d3768970c46d4c9185615c416872
eurovision_winner_2026_israel,KXEUROVISION-26-ISR,0x6680cae9b37261f6c1ec3313f9ad175708bb9722e94285b5b0a5b50a9972d312
eurovision_winner_2026_italy,KXEUROVISION-26-ITA,0x28872d7d6f63cc8e4172a1825ce9694898f3e94e1f6f97496896d77bb54ef502
eurovision_winner_2026_latvia,KXEUROVISION-26-LAT,0x611ac8b703b5291cb8798560e6db1edf9c5eb3038b138d1885d4f708380d4b52
eurovision_winner_2026_lithuania,KXEUROVISION-26-LIT,0xfd2ad2eb408df974df56ae9347baa13d7c156b3875e5c4556adbe2d19b2e4e86
eurovision_winner_2026_luxembourg,KXEUROVISION-26-LUX,0xe06579f1a7e5108e31c4cc69cca54c7d8d1b0ae507a9e465222f3c490e77793f
eurovision_winner_2026_malta,KXEUROVISION-26-MAL,0xe24c3f7d4cd7403f2575445430f8f89f1dc7cdf4e3a275d8cbaf75f5008b2aa5
eurovision_winner_2026_moldova,KXEUROVISION-26-MOL,0x07db61e5a466a01a5c8612c88a01758cdcf9e16e056cfa3b5d8bc9c3b1af7701
eurovision_winner_2026_montenegro,KXEUROVISION-26-MON,0x5e9392d31f3156e5855557ea36a72932a0cfc4a6855d69c34c4a174278434fc8
eurovision_winner_2026_norway,KXEUROVISION-26-NOR,0xdde103389d3a3dcc18d57bfba9495faf5105b0f02054714d9c2bc830483d59fb
eurovision_winner_2026_poland,KXEUROVISION-26-POL,0xe5c26c71732b00f7e967903079ab24166a4fa2be62012a8ce4393e79b26cdaa7
eurovision_winner_2026_portugal,KXEUROVISION-26-POR,0x4d5f5e9772a2f2aebc236987a1b29290f0394ab414d53661d41d23b3cc111596
eurovision_winner_2026_romania,KXEUROVISION-26-ROM,0xb0041709dfdd0d8ae214fd1859b07c899ccd998522d82407e871d0028d792de5
eurovision_winner_2026_serbia,KXEUROVISION-26-SER,0x6e235eb1b3be07337a2a424d5e616e8759263f5d078c99604f177da7276d92a2
eurovision_winner_2026_sweden,KXEUROVISION-26-SWE,0xab4e2dc2c2dced60ec220d1a3fa1258d0e513e21814438e5d7e59e53c5d08c9b
eurovision_winner_2026_switzerland,KXEUROVISION-26-SWI,0x9a7bd9d29ac01f579c0c6c8eb7b2add40f82ba8000c783eccf08fd4b565442fa
eurovision_winner_2026_ukraine,KXEUROVISION-26-UKR,0x79bc9eae1f5ce8f3f58648f45e7ff7cf182a8314e2d1a5b536520c5cc4b3e097
will_alexandria_ocasio_cortez_be_the_democratic_presidential_nominee_in_2028_alexandria_ocasio_cortez,KXPRESNOMD-28-AOC,0xe6bcc2f1dd025ce5e1833190f7c60a71171c94f805df55b9ab0ded695ec93565
who_will_be_the_next_secretary_general_of_un_mia_mottley,KXUNSEC-27JAN-MMOT,0x616906a81f6debb8f5a069d845c8054453d549c263e768979a2e8fd1cc31cca6
who_will_be_the_next_secretary_general_of_un_rebeca_grynspan,KXUNSEC-27JAN-RGRYN,0x2a15f5143f1f57c98d14843bef91cf6ebfcbc1bca077a6daa2106914da64662b
who_will_be_the_next_secretary_general_of_un_alicia_b_rcena,KXUNSEC-27JAN-ABAR,0x89b9b046d7782b50ca93eb3baffe668cdac2f9c84beacdb77229d4c1e2f9d55b
who_will_be_the_next_secretary_general_of_un_amina_j_mohammed,KXUNSEC-27JAN-AMOH,0xc757242316cdb9e06ecdd1f6ef36332adf355af8c2f7eb384533684a475c6e88
who_will_be_the_next_secretary_general_of_un_michelle_bachelet,KXUNSEC-27JAN-MBAC,0x3f08f9986d8d2e14b3bfe3341a825bb8c80808754e9eade32ef8e32cc99cde58
who_will_be_the_next_secretary_general_of_un_rafael_grossi,KXUNSEC-27JAN-RGRO,0xdf4bebb0b5dea15fe93acd7a4e35d2d5c20a31b648eef33fd9a4854656600915
will_lana_del_rey_release_a_new_song_2026_lana_del_rey,KXSONGRELEASE-27JAN01-LAN,0x9debbd9b018976ca22945fae69c1378f66c27524c7c73ac3c3f9769182c03579
will_lil_uzi_vert_release_a_new_song_2026_lil_uzi_vert,KXSONGRELEASE-27JAN01-UZI,0xec692a3d046e7fbfed68662e638af6c49070732defb1e9782144a6d9bbd7146b
will_paulo_augusto_win_big_brother_brasil_26_paulo_augusto,KXBIGBROTHERBRAZIL-27JAN01-PAU,0xd6d5661d62fd14c887c375f4949b35e70dc0245186571dd3d33e531e30d79ba8
will_israel_and_saudi_arabia_normalize_relations_before_jan_1_2027_saudi_arabia,KXABRAHAMSA-27-JAN01,0x95783b62c693ea42d8613482a625828fc14a288e8e8440b974c54d42f4ffd04b
will_winsome_earle_sears_be_the_republican_nominee_for_the_senate_in_virginia_winsome_earle_sears,KXSENATEVAR-26-WES,0xc8ef1c3ca84b8ffcd93c2f71bb686f4e1669303686724067517264022edce989
will_karishma_manzur_be_the_democratic_nominee_for_the_senate_in_new_hampshire_karishma_manzur,KXSENATENHD-26-KMAN,0x1cf96ff28b0fa76e23f12a0cf299fc3bced8b26e0addfc1ef11fb58347c0216e
will_don_brown_be_the_republican_nominee_for_the_senate_in_north_carolina_don_brown,KXSENATENCR-26-DBRO,0x0799f444caca148ef5f550500a462833c39b9935ce9bc61375e18319e08a364a
will_sandy_spidel_neumann_be_the_democratic_nominee_for_the_senate_in_kansas_sandy_spidel_neumann,KXSENATEKSD-26-SNEU,0x7746b132411eaddfa8459cdd260d3fcf486507536421ea2a50fff7df17f8db24
will_george_washington_markert_be_the_republican_nominee_for_the_senate_in_colorado_george_washington_markert,KXSENATECOR-26-GWM,0xf02f7bdad6ea0408e2458d51d1ebda4e1a971b73db744e72feafda37662f5f32
will_yuh_line_niou_be_the_democratic_nominee_for_ny_10_yuh_line_niou,KXNY10D-26-YNIO,0x8f3976d4104b6b3b4a716ef834d04e42411a4bec8dea79c58e5f5fa5241cf2b3
will_darializa_avila_chevalier_be_the_democratic_nominee_for_ny_13_darializa_avila_chevalier,KXNY13D-26-DCHE,0x09e25ccabb32e8d68fed95405ffe3975ffcb2af7de61b1de2f4eb22f1b375029
will_theo_chino_tavarez_be_the_democratic_nominee_for_ny_13_theo_chino_tavarez,KXNY13D-26-TCHI,0xa103fd29e21844a2c37dbae0ddd5abc05c9a899652f82b185b1cfd02d18e052e
will_james_felton_keith_be_the_democratic_nominee_for_ny_13_james_felton_keith,KXNY13D-26-JKEI,0x7406898e6ec1bfc478fb7c0b0ee2c425f651ad48700739caaa05d7ffada6c326
will_jenny_costa_honeycutt_be_the_republican_nominee_for_sc_01_jenny_costa_honeycutt,KXSC01R-26-JHON,0x2e92fa10b84fb9764c7b67142c8c0fec75d10e5fa38582b4f2cb83c1597d6305
will_real_madrid_finish_in_the_top_4_in_the_2025_26_la_liga_season_real_madrid,KXLALIGATOP4-26-RMA,0x0ba39007f4ff1c2677f296b90188d544c2f80f9729c76a6f181a191543ceab82
will_atletico_madrid_finish_in_the_top_4_in_the_2025_26_la_liga_season_atletico_madrid,KXLALIGATOP4-26-ATM,0xa38d137a148c4b1ec0e5a5bce42e130391bcc8086f93b4a42fb93870456fc720
will_athletic_bilbao_finish_in_the_top_4_in_the_2025_26_la_liga_season_athletic_bilbao,KXLALIGATOP4-26-ATH,0x3906ccd196f47f9cd177602071c3147a4b916ab60b1e317d5439c54fb520187d
will_real_sociedad_finish_in_the_top_4_in_the_2025_26_la_liga_season_real_sociedad,KXLALIGATOP4-26-RSO,0xec3536934fc4072b6ec4f95541002b893a7e64193d89058a50b1300733d0577a
will_celta_vigo_finish_in_the_top_4_in_the_2025_26_la_liga_season_celta_vigo,KXLALIGATOP4-26-RCC,0xf20f7af3ea74b16d623af198d6efb27d9d4ee98cfa96b1b6c8d4021d55436eb0
will_rayo_vallecano_finish_in_the_top_4_in_the_2025_26_la_liga_season_rayo_vallecano,KXLALIGATOP4-26-RVC,0xef5e9557d5ceb0037568a06c19e7dc3cd05099f21108966799bb82001ed527d6
will_le_havre_finish_in_the_top_4_in_the_2025_26_ligue_1_season_le_havre,KXLIGUE1TOP4-26-HAC,0xc6683ac958bbd9067f2fb323adce3ac03c0bf475f1cd1039e787a08dc5f872a4
what_will_donald_trump_say_during_2026_state_of_the_union_crypto_bitcoin,KXTRUMPMENTION-26FEB28-CRYP,0x8d7ff276b2a74beed4a15fd0f1744ecf05cfad7ed0c69aa01310e24b3b820bb3
will_val_rie_p_cresse_win_the_2027_french_presidential_election_republican,KXFRENCHPRES-27-VPEC,0x2859bb44f6c8feac18494db286c2a8b55d9e7394a8366bc8c58cfde353e41c90
will_ya_l_braun_pivet_win_the_2027_french_presidential_election_renaissance,KXFRENCHPRES-27-YBRA,0xfd431e070263b5f24e43a8fc44532bf41aa008d99cab2330d979913b1c580bd2
will_barcelona_finish_in_the_top_4_in_the_2025_26_la_liga_season_barcelona,KXLALIGATOP4-26-BAR,0xf8669cc099ad4008ee1735ae5ac1eb80ae005b249055d17df33fb086bcdfe83d
will_villarreal_finish_in_the_top_4_in_the_2025_26_la_liga_season_villarreal,KXLALIGATOP4-26-VIL,0x32b7aab78f0be7156c9b8c4f28226b8f676629b3b836369a88750835204d5584
will_betis_finish_in_the_top_4_in_the_2025_26_la_liga_season_betis,KXLALIGATOP4-26-RBB,0xccb49e0802c9ada89016c5f6f9933847455b736228812d0707a88e014804a630
will_girona_finish_in_the_top_4_in_the_2025_26_la_liga_season_girona,KXLALIGATOP4-26-GIR,0xb416bf4fbda79d068632d0e5447432d989b3cbf67c94d109159cb577186a2967
will_valencia_finish_in_the_top_4_in_the_2025_26_la_liga_season_valencia,KXLALIGATOP4-26-VCF,0x1940b49a58dbb1673e34e8d556dc86b882f8832a481707c67aba02603c32f4a6
will_sevilla_finish_in_the_top_4_in_the_2025_26_la_liga_season_sevilla,KXLALIGATOP4-26-SEV,0x5f8db7b536d9a1b47ae5098f9a3b9bc28ed87ad11ccdd70b8cab89d6fc702a98
will_getafe_finish_in_the_top_4_in_the_2025_26_la_liga_season_getafe,KXLALIGATOP4-26-GET,0x4f355b2f81f7f84edb31b62b3972d3681a78306b6f43130da93c6a42e829cab7
will_espanyol_finish_in_the_top_4_in_the_2025_26_la_liga_season_espanyol,KXLALIGATOP4-26-ESP,0x58b372443f0e36b9aa1d4cf0ac87afd2b35022d651d5c8483412c5d01c4213f3
will_osasuna_finish_in_the_top_4_in_the_2025_26_la_liga_season_osasuna,KXLALIGATOP4-26-OSA,0x6091751b0c383c6fcf4e37a80d88b387d776bff64ab63e901dd4919196abc329
will_alaves_finish_in_the_top_4_in_the_2025_26_la_liga_season_alaves,KXLALIGATOP4-26-ALA,0x7dbd765a0b822e15d82cfcb1d3f2527a61b7b310aa43c083519bdadae9a7d76a
will_mallorca_finish_in_the_top_4_in_the_2025_26_la_liga_season_mallorca,KXLALIGATOP4-26-MAL,0x8bc0ed1be727a8ac247c3bd0c3efe591d625f6d6e49a3f6f61f7a16b877b2c69
will_levante_finish_in_the_top_4_in_the_2025_26_la_liga_season_levante,KXLALIGATOP4-26-LEV,0x03767ed0565cf993fe04a5d0b37a101844642ca0a95a26620a100ca7160d3a7b
will_elche_finish_in_the_top_4_in_the_2025_26_la_liga_season_elche,KXLALIGATOP4-26-ELC,0x0bf8c8a49d597193dcc1d3921b68bcf357dcf14f61eebb314b2ca26df92c6b70
will_oviedo_finish_in_the_top_4_in_the_2025_26_la_liga_season_oviedo,KXLALIGATOP4-26-OVI,0xfa4c453091f10ccab9fae67d8a2286e1bf1d9367596d1d5b74c36e4155e300af
will_oh_se_hoon_win_the_2026_seoul_mayoral_election_ppp,KXSEOULMAYOR-26JUN03-OSEH,0xc587bda904f031a973ad3cb57128ca011bfab0f45e6cb3734ed2227c4d4be419
will_park_ju_min_win_the_2026_seoul_mayoral_election_dpk,KXSEOULMAYOR-26JUN03-PJUM,0xf21dfd7b985a2e3e78f56f14146013b35cdbd24dbc3f72831d425d7e131ac26b
will_seo_young_kyo_win_the_2026_seoul_mayoral_election_dpk,KXSEOULMAYOR-26JUN03-SYOU,0xe13dbf203961425a8a5090eb0d94b03c08cda7424d7423699fd87794335eb765
will_na_kyung_won_win_the_2026_seoul_mayoral_election_ppp,KXSEOULMAYOR-26JUN03-NKYU,0x819ae990aac5ebdf8f3093ec059946d98832f67edd13901df333d39f96b3db8a
will_lille_finish_in_the_top_4_in_the_2025_26_ligue_1_season_lille,KXLIGUE1TOP4-26-LIL,0xc9157570205a8afb1b05c059b58369bcb443f1d6a04aeefe82dbec70987e1934
will_monaco_finish_in_the_top_4_in_the_2025_26_ligue_1_season_monaco,KXLIGUE1TOP4-26-ASM,0x6dc517ccc34b029c772292098316a06202f3e03f3d89df0927fd869137b753cb
will_lyon_finish_in_the_top_4_in_the_2025_26_ligue_1_season_lyon,KXLIGUE1TOP4-26-OL,0x181cd910ae5d47f9a39f85d4f06aeb99fa03b08aedb02470cca889684b06e0c3
will_marseille_finish_in_the_top_4_in_the_2025_26_ligue_1_season_marseille,KXLIGUE1TOP4-26-OM,0x189d15c07ceae4e520a23b8a2ef8e1cc74c4d3be2bfd64c4e602cbabd3817502
will_lens_finish_in_the_top_4_in_the_2025_26_ligue_1_season_lens,KXLIGUE1TOP4-26-RCL,0x94ab05a2bd4d3b2382a93deae7806d753186150e66b14a28015634601b04c262
will_nice_finish_in_the_top_4_in_the_2025_26_ligue_1_season_nice,KXLIGUE1TOP4-26-NIC,0xb01cc75ee01cf54c01160894f06499e0973adb62f3ced91b7935ab8c138a3053
will_toulouse_finish_in_the_top_4_in_the_2025_26_ligue_1_season_toulouse,KXLIGUE1TOP4-26-TFC,0x0a528dc3066c57cf512d5bf4973343fdae7fc80f2349362f5b2ad37d75ff62cc
will_angers_finish_in_the_top_4_in_the_2025_26_ligue_1_season_angers,KXLIGUE1TOP4-26-ANG,0xe5d7c447a8537064e74c5fb23ae2e7ef80b139c900a9061f17529bd9b7fd1990
will_nantes_finish_in_the_top_4_in_the_2025_26_ligue_1_season_nantes,KXLIGUE1TOP4-26-FCN,0x282cad0d8a67931b87c5657dbd9328642cce70fd8b8ed21ad096556393f125f6
will_auxerre_finish_in_the_top_4_in_the_2025_26_ligue_1_season_auxerre,KXLIGUE1TOP4-26-AUX,0x33fa00f340f8e104d8fe518279082e10a709b4646a6f33da07d42c5d055eb2d6
will_lorient_finish_in_the_top_4_in_the_2025_26_ligue_1_season_lorient,KXLIGUE1TOP4-26-FCL,0x93518a12cc8a92aa257bcc688ec1c1bcf78446401b7e8021b695706dbd40e110
will_metz_finish_in_the_top_4_in_the_2025_26_ligue_1_season_metz,KXLIGUE1TOP4-26-FCM,0xf807fd6f39705e82220c308e554c06ce1633e6c82cb6cf3399aaa0817bcbdc6d
will_bayern_munich_finish_in_the_top_4_in_the_2025_26_bundesliga_season_bayern_munich,KXBUNDESLIGATOP4-26-BMU,0x8c23257067f2748b07444b7df3bd3418d97d27fa2ade495c83283ae0798c9b8a
will_st_pauli_finish_in_the_top_4_in_the_2025_26_bundesliga_season_st_pauli,KXBUNDESLIGATOP4-26-STP,0x11ba5d66137f3240c52de5b7a7d4ca1af4b49692f793e7e2963ddcb45cb75e45
will_union_berlin_finish_in_the_top_4_in_the_2025_26_bundesliga_season_union_berlin,KXBUNDESLIGATOP4-26-UNI,0xfc9eeb26ac1242e675993ebaf7a60bba901c2697f649de6938df9d31812bbd51
will_united_states_have_the_most_gold_medals_in_the_2026_winter_olympics_united_states,KXWO-GOLD-26-USA,0x687aed0bc6b4ba07493c86ab0927edcbe38e4db5885999b7313770ccef994b29
what_will_donald_trump_say_during_2026_state_of_the_union_hottest,KXTRUMPMENTION-26FEB28-HOTT,0x8ead7f9e65789ff96181381994ed0a9da8096d85f3786c13690c1d0b8842d65f
will_hunter_biden_be_the_democratic_presidential_nominee_in_2028_hunter_biden,KXPRESNOMD-28-HBID,0x1945a8b23e313ed7423b6b6fd556f9ab5578900376b565a61dc480a5f4f35d21
will_ruben_gallego_be_the_democratic_presidential_nominee_in_2028_ruben_gallego,KXPRESNOMD-28-RGAL,0x98933c78b5e277b62d91a6c174b412218de000b54c4c67ec8673bf561cec6e81
will_ro_khanna_be_the_democratic_presidential_nominee_in_2028_ro_khanna,KXPRESNOMD-28-RKHA,0x20d0bc282552ac5ec6f61cd7101cb42a5948cae07e7651bdf40ede1a8b2c5eac
will_chris_murphy_be_the_democratic_presidential_nominee_in_2028_chris_murphy,KXPRESNOMD-28-CMUR,0xc720fcfa9e29346a976902f87e0f0f3bdc31d43af501b4fdef4f1780a30dd359
will_zohran_mamdani_be_the_democratic_presidential_nominee_in_2028_zohran_mamdani,KXPRESNOMD-28-ZMAM,0x3535fb2f4aef6619dde8b367cb5e5d209526bb496d5d9778428c58a0252435e3
will_kamala_harris_be_the_democratic_presidential_nominee_in_2028_kamala_harris,KXPRESNOMD-28-KH,0x909659c9436228e2be56d5582ba6188166f2f8bf3c596335512c8f2e380d01ec
will_gavin_newsom_be_the_democratic_presidential_nominee_in_2028_gavin_newsom,KXPRESNOMD-28-GN,0x0f49db97f71c68b1e42a6d16e3de93d85dbf7d4148e3f018eb79e88554be9f75
will_gretchen_whitmer_be_the_democratic_presidential_nominee_in_2028_gretchen_whitmer,KXPRESNOMD-28-GW,0xe39adea057926dc197fe30a441f57a340b2a232d5a687010f78bba9b6e02620f
will_josh_shapiro_be_the_democratic_presidential_nominee_in_2028_josh_shapiro,KXPRESNOMD-28-JS,0xd65891729ce093cc12236856837eba1a0872fc7998fd4294c21346f7db68079c
will_tim_walz_be_the_democratic_presidential_nominee_in_2028_tim_walz,KXPRESNOMD-28-TW,0x3265b10daeb30dbcc3214bd02e488551d0a5d3028392f4152e4750b943fbfc91
will_mark_cuban_be_the_democratic_presidential_nominee_in_2028_mark_cuban,KXPRESNOMD-28-MC,0x9d4f94f82de9d13ff1d3318639ab9000ee2533949e525343156f374fb00bd9b1
will_pete_buttigieg_be_the_democratic_presidential_nominee_in_2028_pete_buttigieg,KXPRESNOMD-28-PB,0x4c325469d9b516ef4e6b8f73a81a12607dec075e3c2fd454f91765aaeafc4760
will_wes_moore_be_the_democratic_presidential_nominee_in_2028_wes_moore,KXPRESNOMD-28-WM,0x61d9486c0f7e14ed98f3b177b6adcb3cd45646c92e8bbfbf209789b86472d4b6
will_andy_beshear_be_the_democratic_presidential_nominee_in_2028_andy_beshear,KXPRESNOMD-28-AB,0x1d519b87999e3d4e90e1e8f57b5eee73a0ba488ff3fdb70867f294733aba84a9
will_roy_cooper_be_the_democratic_presidential_nominee_in_2028_roy_cooper,KXPRESNOMD-28-RC,0x939eeb2dea216749bd409bedde483c3f2bfb0e24d4f2d34461c0b21c6e91f010
will_john_fetterman_be_the_democratic_presidential_nominee_in_2028_john_fetterman,KXPRESNOMD-28-JF,0xca1d1139b0c3a29983407f499476ae642482788e841a277eb86faeeb9fa4a85c
will_raphael_warnock_be_the_democratic_presidential_nominee_in_2028_raphael_warnock,KXPRESNOMD-28-RW,0xdce84960dce38aa4a5800a5eba7c9ac34d2ce49ba9d44c42572c472d468af264
will_michelle_obama_be_the_democratic_presidential_nominee_in_2028_michelle_obama,KXPRESNOMD-28-MO,0x3e218c99a1335641b3a5ee6c887521d19b0c28fddd6b99c254a07968e35c0b1b
will_stephen_a_smith_be_the_democratic_presidential_nominee_in_2028_stephen_a_smith,KXPRESNOMD-28-SAS,0xc8f1cf5d4f26e0fd9c8fe89f2a7b3263b902cf14fde7bfccef525753bb492e47
will_mark_kelly_be_the_democratic_presidential_nominee_in_2028_mark_kelly,KXPRESNOMD-28-MK,0x36db77c539bcc8c7bf0686c1b99f30c5a5eed1f53d3b3a27a071550c81f83701
will_jared_polis_be_the_democratic_presidential_nominee_in_2028_jared_polis,KXPRESNOMD-28-JP,0x8fbcb151e2c988df5a43abb02298014b7daf34c008f3eed9188dd16a2a19bec1
will_rahm_emanuel_be_the_democratic_presidential_nominee_in_2028_rahm_emanuel,KXPRESNOMD-28-REMA,0x3dc47a72ac6bb265e9cefebd2a2eeed00966394cb2d07245b5c94138b60e82a3
will_jon_stewart_be_the_democratic_presidential_nominee_in_2028_jon_stewart,KXPRESNOMD-28-JSTE,0xfee07be730188c94cd3644ed6f107fa3ea2dfab9989ce8d39aeeae064766abe3
will_barack_obama_be_the_democratic_presidential_nominee_in_2028_barack_obama,KXPRESNOMD-28-BOBA,0x88d67705780a3d922317ecb0c78a947a306174d0510df2ae89394d5abfb28206
will_cory_booker_be_the_democratic_presidential_nominee_in_2028_cory_booker,KXPRESNOMD-28-CBOO,0x1970bcce75e3674660917ae4685b433a9b1e0152d810a8d7c346dfd5e00694c2
will_liz_cheney_be_the_democratic_presidential_nominee_in_2028_liz_cheney,KXPRESNOMD-28-LC,0x46dbd48d6bde5b81edb480e0f676a2cdda6c6b592c4d86a9367c7ad5a9870195
will_bernie_sanders_be_the_democratic_presidential_nominee_in_2028_bernie_sanders,KXPRESNOMD-28-BS,0x30cfb887558b20373a984da60c372fe5a90c0296aa6d8bb413a8aa7543846da2
will_jon_ossoff_be_the_democratic_presidential_nominee_in_2028_jon_ossoff,KXPRESNOMD-28-JOSS,0x74dba1ce1ae9dd535414e85f2d9ab5ea32c0fb1acc9b7130b67e6d91217e24e1
will_gina_raimondo_be_the_democratic_presidential_nominee_in_2028_gina_raimondo,KXPRESNOMD-28-GR,0xcb239105ed21a2420ba4d85090b9bc32755c56601ffdc528afd17fd6282fe930
will_phil_murphy_be_the_democratic_presidential_nominee_in_2028_phil_murphy,KXPRESNOMD-28-PHI,0x29283b56d3eec6d1d89fff51793d9d2e01579d2379b1d3e9ebda175d3561e809
will_lebron_james_be_the_democratic_presidential_nominee_in_2028_lebron_james,KXPRESNOMD-28-LJAM,0x8b203037c7c0e21b500314f8398d2a8ea294b7ce1f4f9185f426425a3505bc45
will_taylor_swift_release_a_new_song_2026_taylor_swift,KXSONGRELEASE-27JAN01-TAY,0x39735fe1c56e0ce30bddd9622ff58d55454a1413814dedd5a87901b7fdd59e1e
will_kanye_west_release_a_new_song_2026_kanye_west,KXSONGRELEASE-27JAN01-KAN,0x5ee47e06731b0f3f46a2e4e68841a81d4db7c1cbf418103d1791ec3aed654d7c
will_kendrick_lamar_release_a_new_song_2026_kendrick_lamar,KXSONGRELEASE-27JAN01-KEN,0xdb5be2bb33f1f5987b58692ee3181bf6f42a080fce7b373cb031eb9ac6766c1c
will_nicki_minaj_release_a_new_song_2026_nicki_minaj,KXSONGRELEASE-27JAN01-NIC,0x8a1b8ba89dcc18b6c871d493854e41625ddb3f3197e61a879514f2b567c21fcb
will_charli_xcx_release_a_new_song_2026_charli_xcx,KXSONGRELEASE-27JAN01-XCX,0x85c43b20ff8ca9f6cb1a75319f83040411f8e5bfd519a8ae3f1bab4ca4c4c067
will_frank_ocean_release_a_new_song_2026_frank_ocean,KXSONGRELEASE-27JAN01-FRA,0xce92e2efdc13584f681266b443bbfe7671a11c5295234621eda97258207b894b
will_olivia_rodrigo_release_a_new_song_2026_olivia_rodrigo,KXSONGRELEASE-27JAN01-OLIV,0x2045f51cb09e78e7ab1660eb63d28d7a4f4650da74ddc15094c127125d937f28
will_timoth_e_chalamet_and_kylie_jenner_be_engaged_in_2026_before_2027,KXENGAGEMENTTIMOTHEEKYLIE-26,0x02669fc2a99383d7b3cd667db3143c0aa34e20347e78d7f992f4e669f71821b4
will_breno_win_big_brother_brasil_26_breno,KXBIGBROTHERBRAZIL-27JAN01-BRE,0x948cea1ca246f0522f9052e1521160a96c6786ff9fc63b5a3c620793139eabed
will_brigido_win_big_brother_brasil_26_brigido,KXBIGBROTHERBRAZIL-27JAN01-BRI,0xe79a05810baa47c6b43adb2911b2d07fc7fc71f05b9942db5a92b327e5869793
will_chaiany_win_big_brother_brasil_26_chaiany,KXBIGBROTHERBRAZIL-27JAN01-CHA,0x4c79ea27e3089afadd9d432a9e10b6c7c4ed167c5b952067dd7988a3bbefe996
will_gabriela_win_big_brother_brasil_26_gabriela,KXBIGBROTHERBRAZIL-27JAN01-GAB,0x0a4536b2838a6912084664eca6d53b4a46f7aedbfbe8e50d537b7fc7456c82ea
will_jordana_win_big_brother_brasil_26_jordana,KXBIGBROTHERBRAZIL-27JAN01-JOR,0xf2a609d39eb0ea5d315db4c0c87e9808e5c0d770279dfe668e6119b536e66a35
will_leandro_win_big_brother_brasil_26_leandro,KXBIGBROTHERBRAZIL-27JAN01-LEA,0x76052dd8f4c9d199365fe444c6d1e11567e58eb8257db3782f608bb5e985037e
will_marcelo_win_big_brother_brasil_26_marcelo,KXBIGBROTHERBRAZIL-27JAN01-MAR,0xfdd43676b2eccd158fe9bb3cc8497bf59e7f5fc25e8e26bb5f1632f984069315
will_marciele_win_big_brother_brasil_26_marciele,KXBIGBROTHERBRAZIL-27JAN01-MARC,0x35ac4d376aa37047ff173d83ceeaba9387ff4a1c1033edf8c2491d072e41ce4d
will_matheus_win_big_brother_brasil_26_matheus,KXBIGBROTHERBRAZIL-27JAN01-MAT,0x671238e34e8b974a0f86d46d5a6d0ffd69ba4b32f3db7ac492f4376c83b37241
will_milena_win_big_brother_brasil_26_milena,KXBIGBROTHERBRAZIL-27JAN01-MIL,0x72e78837f958d2109f1cb174aefde8c7cf2480c4cd3e44280fb5884bf0ab47b1
will_samira_win_big_brother_brasil_26_samira,KXBIGBROTHERBRAZIL-27JAN01-SAM,0xa97e709f7bacf156855f171f7c0c6083eb2871f201b195f3638c3dc5a35dde11
will_israel_and_lebanon_normalize_relations_before_jan_1_2027_lebanon,KXABRAHAMSA-27-JAN01-LEB,0xfb013a43c6ea97f5af4515baefbefdc2a9cfeca1d764aa9f3ce1f6bd93002dfe
will_cameron_kasky_be_the_democratic_nominee_for_ny_12_cameron_kasky,KXNY12D-26-CKAS,0x74d26fda5f74ce870cba8688df741d844a31e163ccf5bde2cd4131d37bf0e6ad
will_george_conway_be_the_democratic_nominee_for_ny_12_george_conway,KXNY12D-26-GCON,0xd1dcc98673debc97919f9dd8584bfa16ee8f37996d78c24679f0cf4045a99b45
will_elaine_luria_be_the_democratic_nominee_for_va_02_elaine_luria,KXVA2D-26-ELUR,0x84a6824d41a823829b98f3f9c5155437f34182fbed5ed505c09312bc423ce79d
will_james_osyf_be_the_democratic_nominee_for_va_02_james_osyf,KXVA2D-26-JOSY,0x4ea35c8951c420b408b8a2a561959eaa09bd38cf50a9cae93a660db8bb209dd7
will_matt_strickler_be_the_democratic_nominee_for_va_02_matt_strickler,KXVA2D-26-MSTR,0xc337abbce2e8618893305d5750f260c9d4c904c44d4b3e6803babe71a79b67ca
will_nila_devanath_be_the_democratic_nominee_for_va_02_nila_devanath,KXVA2D-26-NDEV,0xa1ce17164121ccacfd343ce0cb8e040b271c2c03cb3da317704f9af0a8646025
will_patrick_mosolf_be_the_democratic_nominee_for_va_02_patrick_mosolf,KXVA2D-26-PMOS,0xd31952a79a0d37cb53156546b0a5af887f7b2a695b3ce08a93c1b7680e6a8966
will_nicolaus_sleister_be_the_democratic_nominee_for_va_02_nicolaus_sleister,KXVA2D-26-NSLE,0x9d616524d75eb02d02b8cb7526f6eedb861a466519f20ff7c1dcdadd560e1815
will_burk_stringfellow_be_the_democratic_nominee_for_va_02_burk_stringfellow,KXVA2D-26-BSTR,0xba2bfb003ed5efa28cdf204209b13e89a568feb4660727f34a8a2a8e70a1c37f
will_john_carter_be_the_republican_nominee_for_tx_31_john_carter,KXTX31R-26-JCAR,0x15fedfabbde4e459d2b180fc754d56e29e0585fa9d6cb983196ff004d1090bc9
will_valentina_gomez_be_the_republican_nominee_for_tx_31_valentina_gomez,KXTX31R-26-VGOM,0x563b161e587d3feea5f84356530d4c5d94c12cb4f7c203f49498272f1f1cc145
will_raymond_hamden_be_the_republican_nominee_for_tx_31_raymond_hamden,KXTX31R-26-RHAM,0x6f1f87248eb7e2d75ba6f670209bc8ba010deef891b0de078058bac4bd6de252
will_david_williams_be_the_republican_nominee_for_the_senate_in_virginia_david_williams,KXSENATEVAR-26-DWIL,0x01a349b16eeeb8db599767f340799c0ca028c5b85153d6ca1fe75a4c60d7b963
will_jason_miyares_be_the_republican_nominee_for_the_senate_in_virginia_jason_miyares,KXSENATEVAR-26-JMIY,0x29c4546d17267601dc346e53e437fd4ea859582230d41f4fbd9af709f066b1d5
will_sharice_davids_be_the_democratic_nominee_for_the_senate_in_kansas_sharice_davids,KXSENATEKSD-26-SDAV,0xde07228f2e6db44b37afae1059d2dd13aca52c0803bcc2b67d874a5b39d85ee1
will_christy_davis_be_the_democratic_nominee_for_the_senate_in_kansas_christy_davis,KXSENATEKSD-26-CDAV,0x23138fc034c49853887431d6009400c26dbfb09525e0edc80878c218d19e28e8
will_anne_parelkar_be_the_democratic_nominee_for_the_senate_in_kansas_anne_parelkar,KXSENATEKSD-26-APAR,0x571b1bdc7322dcc3e6be4347fa7efbea43e1487bb4888830b84559cb3355fe01
will_michael_soetaert_be_the_democratic_nominee_for_the_senate_in_kansas_michael_soetaert,KXSENATEKSD-26-MSOE,0x055f6d2291df83e604c5f21fc3baa61272b8a1b13193a590b6fc3c4114238988
will_joey_atkins_be_the_democratic_nominee_for_the_senate_in_florida_joey_atkins,KXSENATEFLD-26-JATK,0x1bbba3ff6e377538ecf3b96522bb80200e8e5c0b9222d3e004c59002ef362794
will_angie_nixon_be_the_democratic_nominee_for_the_senate_in_florida_angie_nixon,KXSENATEFLD-26-ANIX,0xd9e428d3af0ece1d660b4e3e68f556c4a36c63aaef509c00aca5cfcbcccd984c
will_jennifer_jenkins_be_the_democratic_nominee_for_the_senate_in_florida_jennifer_jenkins,KXSENATEFLD-26-JJEN,0x65b039f40f57f889e739d599d0d16e1d3f7ea19937204c92771a95f2d7dc7120
will_janak_joshi_be_the_republican_nominee_for_the_senate_in_colorado_janak_joshi,KXSENATECOR-26-JJOS,0xa8283451c9f1a16679d7212c8dfbc97c5b04396f6a9468d3c5553649cecbba55
will_dathan_jones_be_the_republican_nominee_for_the_senate_in_colorado_dathan_jones,KXSENATECOR-26-DJON,0x456a25be7a7ccfa16557f646c03bc62c3f062f44c612f7593d6adfb4af310a5e
will_mark_baisley_be_the_republican_nominee_for_the_senate_in_colorado_mark_baisley,KXSENATECOR-26-MBAI,0x7391df4303788c6fe33c77afd7b87bd1d34359b6a5f00f5c68580db05eb463e7
will_antonio_reynoso_be_the_democratic_nominee_for_ny_07_antonio_reynoso,KXNY7D-26-AREY,0xdc00146a77dbe0f17e69b4c5d71e9358b0e9eaae4908ab993e0fff0c566abb11
will_julia_salazar_be_the_democratic_nominee_for_ny_07_julia_salazar,KXNY7D-26-JSAL,0xe283fb11c9c51f44e8001edbfaa0ad06abc55ac04190ebe4ed8b2d80d301f4f9
will_kristen_gonzalez_be_the_democratic_nominee_for_ny_07_kristen_gonzalez,KXNY7D-26-KGON,0x1288e00f4c7d1c05c0da3cf1ffa8b16261ea2b92cd1fa569110381f47e753578
will_julie_won_be_the_democratic_nominee_for_ny_07_julie_won,KXNY7D-26-JWON,0x5016734473b5f5d63393b1559c1def892e9a0fe69b346700639738d184f6b46e
will_sandy_nurse_be_the_democratic_nominee_for_ny_07_sandy_nurse,KXNY7D-26-SNUR,0x3ba33019597fed0ac08883526cb60776580029f4f26d186c22ab070a04309693
will_lincoln_restler_be_the_democratic_nominee_for_ny_07_lincoln_restler,KXNY7D-26-LRES,0x5b9ae5fb1419357dd7930e7f1748e52272ae1f6165c2fbc6ddd35938f84b8ecc
will_tiffany_cab_n_be_the_democratic_nominee_for_ny_07_tiffany_cab_n,KXNY7D-26-TCAB,0xd1bcfc4a64cac5d80bae6fa2139a253a61915079ba1e5bf352a3d0c979bd9854
will_claire_valdez_be_the_democratic_nominee_for_ny_07_claire_valdez,KXNY7D-26-CVAL,0xc47d5386411a75a6b87c78cafd47993a42ad8b8b0df166e9722a275269449612
will_ritchie_torres_be_the_democratic_nominee_for_ny_15_ritchie_torres,KXNY15D-26-RTOR,0xe8ddce0b363dec3cd83336187125c4b23ba35ddd9ab082356b38f1cb122f3ae9
will_michael_blake_be_the_democratic_nominee_for_ny_15_michael_blake,KXNY15D-26-MBLA,0x1522a8bc6e0edaec715b93b1bb35558ff56906ede6bcbe55282267a8a167fa64
will_alexa_avil_s_be_the_democratic_nominee_for_ny_10_alexa_avil_s,KXNY10D-26-AAVI,0x501fff7cf47033b30139eea20604a349fae37d88d8944d24750fc8836a77c621
will_brad_lander_be_the_democratic_nominee_for_ny_10_brad_lander,KXNY10D-26-BLAN,0x3ad92107dbab2fdf45b0ed92dc5a7f721210759a648ae53fe363e26e3f62d29f
will_cameron_kasky_be_the_democratic_nominee_for_ny_10_cameron_kasky,KXNY10D-26-CKAS,0x5fc9f424add456eb436005793d60d9959526dcaa52aded3f2084e4b68d6b0e0b
will_nida_allam_be_the_democratic_nominee_for_nc_04_nida_allam,KXNC04D-26-NALL,0x633b42ce6f9334eb97f975cc047177184f628a128edc84b2fe369b852458fec4
will_mary_patterson_be_the_democratic_nominee_for_nc_04_mary_patterson,KXNC04D-26-MPAT,0xce84a9b13b6aa884409323e4006cdaadca663fa67fba2c97b30a6d46368f29ca
will_wesley_bell_be_the_democratic_nominee_for_mo_01_wesley_bell,KXMO01D-26-WBEL,0x0d62a8571af67005063a9182c72ede090f29f6e82d8680d61060d9756b49140f
will_cori_bush_be_the_democratic_nominee_for_mo_01_cori_bush,KXMO01D-26-CBUS,0x74efaa758c3c08921bd143b0a1696b54890834d073fc6df01dfb75f6f4e38528
will_shri_thanedar_be_the_democratic_nominee_for_mi_13_shri_thanedar,KXMI13D-26-STHA,0x399b69600812f9997ee0dcac06c74c9351f230baa53765eacbc443a77bc520b9
will_donavan_mckinney_be_the_democratic_nominee_for_mi_13_donavan_mckinney,KXMI13D-26-DMCK,0x2cfbd8aabc3519021dc16ab0c7e0f42b0fdac191e64bcc3c42c2319c4c0117f3
will_nazmul_hassan_be_the_democratic_nominee_for_mi_13_nazmul_hassan,KXMI13D-26-NHAS,0xe03235b712f8935c0fed7a81bc9f71f8ee8e5ae18e9e5f3f42b09cf7cea08420
will_shelby_campbell_be_the_democratic_nominee_for_mi_13_shelby_campbell,KXMI13D-26-SCAM,0x7ab50d37b4e6bdf3003443e90e72c153e5ff7dfc7f3d3050421681c9a461f8cf
will_anthony_carbonaro_be_the_democratic_nominee_for_mi_13_anthony_carbonaro,KXMI13D-26-ACAR,0xfb3b8e9254d919bec8c6f1c1d12cca1e80876abee683774fd1a5e3131aee956f
will_jared_golden_be_the_democratic_nominee_for_me_02_jared_golden,KXME02D-26-JGOL,0x100c115dd2e12e0f4e1822c30529ca1c5f9249c68b5c2ac806488ff1d96f25f0
will_matthew_dunlap_be_the_democratic_nominee_for_me_02_matthew_dunlap,KXME02D-26-MDUN,0xdae8b5b3c2f5316fd6007b1faee1f3ad0d715f4fd3b0f83b3b0751c21292cfb2
will_joe_baldacci_be_the_democratic_nominee_for_me_02_joe_baldacci,KXME02D-26-JBAL,0xb6f26187d7459a50e69881a10ec6b08c4c0ec028ad026de8318378959aed6b50
will_jordan_wood_be_the_democratic_nominee_for_me_02_jordan_wood,KXME02D-26-JWOO,0xd35e2b189a895c0a4dc9e2884a2cafaec0cadaefc08be06502e13eb0950e49ab
will_david_hann_be_the_republican_nominee_for_the_senate_in_minnesota_david_hann,KXSENATEMNR-26-DHAN,0x80d59bfc57c5a430a8b44d2240a1baf1ec25f32681af2bef8c2d91d18394c21c
will_adam_schwarze_be_the_republican_nominee_for_the_senate_in_minnesota_adam_schwarze,KXSENATEMNR-26-ASCH,0x2e6cabf7962e7a826926f15a86f53c4355284b7007e0d8b74dc5654e938db465
will_tom_weiler_be_the_republican_nominee_for_the_senate_in_minnesota_tom_weiler,KXSENATEMNR-26-TWEI,0x10a96db7bd30f6f3a904f295e55f0da27eb7f5f9f491cf0c5a7be814590ef645
will_alycia_gruenhagen_be_the_republican_nominee_for_the_senate_in_minnesota_alycia_gruenhagen,KXSENATEMNR-26-AGRU,0x7108289059c890e184010a379fcc85aa226ae9474e872af50aefdebbb854611f
will_michele_tafoya_be_the_republican_nominee_for_the_senate_in_minnesota_michele_tafoya,KXSENATEMNR-26-MTAF,0xafab12a935c3816aee7f912b20f16f2d564a2260991fb779fa6ce49acac4a5da
will_aisha_farooqi_be_the_democratic_nominee_for_mi_11_aisha_farooqi,KXMI11D-26-AFAR,0xa608c54dcb2a92a77b6d7d4f1e781f60fb05ddcc502f8ba86a33a540adf03bfc
will_julie_gonzales_be_the_democratic_nominee_for_the_senate_in_colorado_julie_gonzales,KXSENATECOD-26-JGON,0x963e2eb7517c989527123c96afc88d500bd3eca432e470636c21c1b0a78289da
will_oscar_romero_be_the_democratic_nominee_for_ny_13_oscar_romero,KXNY13D-26-OROM,0x422eecd1eec8d501c70508387d11b1ca7550da75002dcdc448d4d99236df53a9
will_matt_miller_be_the_democratic_nominee_for_ny_13_matt_miller,KXNY13D-26-MMIL,0xc3a4cae673b27efa91532ddb90b398930318186e51e01ff0c8eb783a0dbcd4e7
will_megan_rodriguez_be_the_democratic_nominee_for_ny_13_megan_rodriguez,KXNY13D-26-MROD,0x15dd98954f5a3d5bc21a6fe182d76bbde3e29af1465195df74a6f82c5be6fb2c
will_mark_smith_be_the_republican_nominee_for_sc_01_mark_smith,KXSC01R-26-MSMI,0x04a4267965c6e60f8b8d3bcc06e90e329707ad13d8b6007e42ed67acde8ebab7
will_jay_byars_be_the_republican_nominee_for_sc_01_jay_byars,KXSC01R-26-JBYA,0xdd85dffd2e1381f41f850933f6947beb5f78d730a368f456a704fa325c1bc2da
will_logan_cunningham_be_the_republican_nominee_for_sc_01_logan_cunningham,KXSC01R-26-LCUN,0x9f8168df551539ef9ec6c04c092cd0c6823d935762057d1b93935b3b015569a6
will_sam_mccown_be_the_republican_nominee_for_sc_01_sam_mccown,KXSC01R-26-SMCC,0xca8db0967278b9c2714267ea64c26257b89313c4669f2b2f96139b687a9b1401
will_justin_myers_be_the_republican_nominee_for_sc_01_justin_myers,KXSC01R-26-JMYE,0xb90e404c5b19c90d92e35f70090157b7403caeb54cbdfdc18a19385438b465e6
will_alex_pelbath_be_the_republican_nominee_for_sc_01_alex_pelbath,KXSC01R-26-APEL,0x1743369a669efb77a1522e296a1b894f23289cf7f4eb0ced7a6294ec118ba674
will_shannon_lundgren_be_the_republican_nominee_for_ia_02_shannon_lundgren,KXIA02R-26-SLUN,0x3ffc7e76fc7327b02d5fbf1471ca6f54672308b1459a574cdc52a7c11658342e
will_charlie_mcclintock_be_the_republican_nominee_for_ia_02_charlie_mcclintock,KXIA02R-26-CMCC,0x65bb8cffb4fa53ee3cb7cd09e99f02b2fd6f3439152e3efd49461a99f95c1b70
will_joe_mitchell_be_the_republican_nominee_for_ia_02_joe_mitchell,KXIA02R-26-JMIT,0x1faa20762d1c728eabfa1fa67a527424993cb4d26e824e1bf05154ffa1dee1b1
will_morgan_murphy_be_the_republican_nominee_for_the_senate_in_alabama_morgan_murphy,KXSENATEALR-26-MMUR,0x2cf9f1cb3931b3335a9cdeb442d1bb163f43c6d2a55075dea1f2533ccad42afd
will_derek_merrin_be_the_republican_nominee_for_oh_09_derek_merrin,KXOH9R-26-DMER,0x238e76ab8673302f69465f6276dc30397f2da6d45e256d1addb3727c52d426cf
will_alea_nadeem_be_the_republican_nominee_for_oh_09_alea_nadeem,KXOH9R-26-ANAD,0xcd24bf9e4312eff0c8e93716adf5f1507c802eb49940dc548686d3dd01f7dc80
will_madison_sheahan_be_the_republican_nominee_for_oh_09_madison_sheahan,KXOH9R-26-MSHE,0xd423a5d9202016fba92b69fcc65e64b652f7bd0a3ff90a467a3b9981c1ba40bf
will_josh_williams_be_the_republican_nominee_for_oh_09_josh_williams,KXOH9R-26-JWIL,0xfb0453c8a45a74240fb53aa98969613fdeb93e4d3235849079d3517266a5d5c6
will_julie_emerson_be_the_republican_nominee_for_the_senate_in_louisiana_julie_emerson,KXSENATELAR-26-JEME,0xe68a6a9012306744a733df13344757b3ac6cfb31f59e77a10b748f639d52d53e
will_kathy_seiden_be_the_republican_nominee_for_the_senate_in_louisiana_kathy_seiden,KXSENATELAR-26-KSEI,0x95985809ac4f79b96fca1a421ceb9fd85385c7f0a03fb1afefb27fef9982fe1b
will_eric_skrmetta_be_the_republican_nominee_for_the_senate_in_louisiana_eric_skrmetta,KXSENATELAR-26-ESKR,0xeab602a74d793c70d393e1ba201257e6cb9ea655191aa2823da42ce487378486
will_julia_letlow_be_the_republican_nominee_for_the_senate_in_louisiana_julia_letlow,KXSENATELAR-26-JLET,0x9c4c7199fbf5ff25547c254ed3dddb63e93840f566c2bf5bc1680cc4dfa41b6b
will_min_woo_lee_win_the_masters_tournament_min_woo_lee,KXPGATOUR-MAST26-MWLE,0xb027884e961a6fd1d493689d26f015c25d22322192d9763aa4c176b977702932
will_daniel_betts_be_the_republican_nominee_for_tx_21_daniel_betts,KXTX21R-26-DBET,0x203fe172077305a47b3f75c6db5c20d1a14314ae3193c123fc3a8570427a1546
will_jacques_dubose_be_the_republican_nominee_for_tx_21_jacques_dubose,KXTX21R-26-JDUB,0x2c84c96b957e20d849ce1f2c539d73a35a49f6e34b27061b173c7a28a537279f
will_kyle_sinclair_be_the_republican_nominee_for_tx_21_kyle_sinclair,KXTX21R-26-KSIN,0xea754bcba9330b145d93aa77e6862985c3ae02acba1f8affe8259c37a4f835de
will_mark_teixeira_be_the_republican_nominee_for_tx_21_mark_teixeira,KXTX21R-26-MTEI,0x245b8156a619d5835140e1ea4a1301d0620aa0c3f172679331118d4dd8ba0407
will_trey_trainor_be_the_republican_nominee_for_tx_21_trey_trainor,KXTX21R-26-TTRA,0x81c09ab4a9fe49db15fd5502661a367156c10fcdd570b8597602608ac779ee9f
will_jason_cahill_be_the_republican_nominee_for_tx_21_jason_cahill,KXTX21R-26-JCAH,0x46b5e0288d03fdd19cfa59f953ef53ec509a48c5a7cca11f5e726da2179a3f10
will_the_united_arab_emirates_win_the_2026_men_s_world_cup_united_arab_emirates,KXMENWORLDCUP-26-AE,0xb9b683b51e84a3369ae60a230e79c11629818e3f317c02e6e6653e5b100d02e5
will_slovenian_democratic_party_win_the_2026_slovenian_parliamentary_election_sds,KXSLOVENIAPARLI-26MAR29-SDS,0x64d6a172e63a085198fcd8032da984cc42398e21d8984eaf4813ce6e3f0469a6
will_freedom_movement_win_the_2026_slovenian_parliamentary_election_gs,KXSLOVENIAPARLI-26MAR29-GS,0xc28589f4effa41509c87c36535208481f7ab8878a4926a1014d6e525816df729
will_social_democrats_win_the_2026_slovenian_parliamentary_election_sd,KXSLOVENIAPARLI-26MAR29-SD,0x4f9a1b78cec81d71a93101e2b0cbd2344ed6ce4cdf3f3a97b499e0a706d42901
will_trump_next_nominate_donald_trump_himself_as_fed_chair_donald_trump_himself,KXFEDCHAIRNOM-29-DJT,0x3d83f444f62b2afe0cb28485073cbf3617400d58813cd351cd4d242560ac47f2
will_douard_philippe_win_the_2027_french_presidential_election_horizons,KXFRENCHPRES-27-EPHI,0x46f2f457e14ee9021ebd0ef4c27eacd98fdceaf7f2938b484e2551e9e3275ae8
will_michel_barnier_win_the_2027_french_presidential_election_republican,KXFRENCHPRES-27-MBAR,0x6ccebbc57547f8b777aa4ef70a452bb5034055d183131a9b6db47fd8d0777921
will_xavier_bertrand_win_the_2027_french_presidential_election_republican,KXFRENCHPRES-27-XBER,0x06a27c2810eaca94b53e7a17f15ad47761399ba445a6b02039b2679da203262d
will_david_lisnard_win_the_2027_french_presidential_election_republican,KXFRENCHPRES-27-DLIS,0xce610556ec78cfd7894f4169d91fe70e31c2fb49f927fffd7fe7d06530f88d56
will_bruno_retailleau_win_the_2027_french_presidential_election_republican,KXFRENCHPRES-27-BRET,0xc32a544f65e3a8ffec6499e40290f10fa68a3f4a4819dfd366b6cb1fd7c4be1d
will_laurent_wauquiez_win_the_2027_french_presidential_election_republican,KXFRENCHPRES-27-LWAU,0x0b4fdc620f5aeafbfa8603a7fe9f3dd2dbae70e73aa157c8c94275676043ce06
will_gabriel_attal_win_the_2027_french_presidential_election_renaissance,KXFRENCHPRES-27-GATT,0x6189539ff1b08bc4052607d89921663ca0de0f0cd70b79c9993d7f9f3211ec3e
will_lisabeth_borne_win_the_2027_french_presidential_election_renaissance,KXFRENCHPRES-27-EBOR,0x0b298ab2b2cad3308d486c804985c1ede7ea949bde363f44784a3b2a460be788
will_jean_castex_win_the_2027_french_presidential_election_renaissance,KXFRENCHPRES-27-JCAS,0x8c1faa77d8ded9f94ffef7fe6326421a9890efd769ddcfd17808985c4a4ba93a
will_g_rald_darmanin_win_the_2027_french_presidential_election_renaissance,KXFRENCHPRES-27-GDAR,0xf39142681d979d4987625065e294cac48bc92ad92356b18f28d57a3fd3f0a316
will_bernard_cazeneuve_win_the_2027_french_presidential_election_socialists,KXFRENCHPRES-27-BCAZ,0x4d5a2c980a8d116c14db4307646bdf17067b422a7d8e5ed88ec20213b463efe0
will_carole_delga_win_the_2027_french_presidential_election_socialists,KXFRENCHPRES-27-CDEL,0xcd050c1af02067e33e03861ff6f67c1c85def8bf4bd196256e6d2b178509533b
will_olivier_faure_win_the_2027_french_presidential_election_socialists,KXFRENCHPRES-27-OFAU,0xbac8d3ca6cc7297022850562d9d66669d5e0a112767337f8a5955417f1984b54
will_s_bastien_lecornu_win_the_2027_french_presidential_election_renaissance,KXFRENCHPRES-27-SLEC,0x934225abdf22ea08692f5411dd43ea16d859e7b30b880dbe521d8fc2cc3f013f
how_many_launches_will_spacex_have_in_2026_above_200,KXSPACEXCOUNT-26B-200,0xec9e92f27a98bc29028aec518993330e7920ac35f40fdea3c51e11d6ddc6acde
who_will_win_los_angeles_mayoral_election_karen_bass,KXMAYORLA-26-KBAS,0x0c9ada12c527451fbdd43c0397a8a006b8aaf2a01567ae069d37220b51937595
who_will_win_los_angeles_mayoral_election_rick_caruso,KXMAYORLA-26-RCAR,0x82e5dd4b66138d0a377d4551aa4fc237b85090f96c531ac5db470ffc817d7c32
who_will_win_los_angeles_mayoral_election_asaad_alnajjar,KXMAYORLA-26-AALN,0x026b38cfc6ef180e30b7ff8929ca68cf5ea62ec1be201be7b509792938add0a5
who_will_win_los_angeles_mayoral_election_gina_viola,KXMAYORLA-26-GVIO,0x5b89585543fd30fd03dc853608fe3c7cb7d8cf40cb14c82b69f931a74602dd83
who_will_win_los_angeles_mayoral_election_rae_huang,KXMAYORLA-26-RHUA,0xcc88b1c476a687f4d21abfd17f8ea957b58f2d597542f8bb2351a90fe50dc64d
who_will_win_los_angeles_mayoral_election_spencer_pratt,KXMAYORLA-26-SPRA,0x5a965e943de13a4bdef4fb568d94341a751f02a2f652fa4fb8377d8b02f84606
who_will_win_los_angeles_mayoral_election_austin_beutner,KXMAYORLA-26-ABEU,0x540b8eef280e57acbee903aee61b767fd13b532fda485aa293768b1fdd8e1c3e
who_will_win_los_angeles_mayoral_election_nithya_raman,KXMAYORLA-26-NRAM,0x694595d0a008f10e4701285d071e4b08407495f6f8a6bd8cbdd7de522fa9b463
will_dortmund_finish_in_the_top_4_in_the_2025_26_bundesliga_season_dortmund,KXBUNDESLIGATOP4-26-BVB,0x521d7d72ececd4d033d9941c918f424565f40bceda7f9dfb8b7fa85777fe8ddc
will_hoffenheim_finish_in_the_top_4_in_the_2025_26_bundesliga_season_hoffenheim,KXBUNDESLIGATOP4-26-TSG,0x1bde71ad84a6ff83821156582e2367d4eab7b3d8e22f21cb65c61f2aaced93d5
will_leverkusen_finish_in_the_top_4_in_the_2025_26_bundesliga_season_leverkusen,KXBUNDESLIGATOP4-26-LEV,0xf0b9e05dab54864fc496d3cb28a9694f125c21ac6a4d44a97cf02058310523b0
will_stuttgart_finish_in_the_top_4_in_the_2025_26_bundesliga_season_stuttgart,KXBUNDESLIGATOP4-26-VFB,0x8ff61811cb593a37da148a8697e00af320c929bdfddce930e58cca21e8d8f721
will_freiburg_finish_in_the_top_4_in_the_2025_26_bundesliga_season_freiburg,KXBUNDESLIGATOP4-26-SCF,0x99a8e3ef3e672fb0a6b7dd330c412729ea018547fcc4b63bf0d78a36df297b11
will_mainz_finish_in_the_top_4_in_the_2025_26_bundesliga_season_mainz,KXBUNDESLIGATOP4-26-M05,0x438186f3b723ab497277342050a44ab439aecc90cb6beac40b3907f542c32eab
will_player_21_win_beast_games_season_2_ethan,KXMRBEASTGAMES-26MAY01-21,0x0d2d77c3ae2c5c6582769a7feb90da7cfaef8a3dd61d37bfed26acb8fe1932d6
will_player_31_win_beast_games_season_2_brandon,KXMRBEASTGAMES-26MAY01-31,0xbc89027eccae3befe4494043e3edff907362fe3b98484ffec6720988f3726335
will_player_38_win_beast_games_season_2_kady,KXMRBEASTGAMES-26MAY01-38,0xecfd2f266d73e33090fe2769487eb5c1b97751ff8a9956a6a8ce4352d7efb6ab
will_player_42_win_beast_games_season_2_luke,KXMRBEASTGAMES-26MAY01-42,0xd8cbc0f4b95a3ab03d6c30933b4732186a9f5152b4487f55915ac19ab60fcd87
will_player_45_win_beast_games_season_2_emily,KXMRBEASTGAMES-26MAY01-45,0x5881c370c3395e3f538e3332c58a7d51f9561ea2f78b3722c1b3fcafbec3c326
will_player_58_win_beast_games_season_2_jack,KXMRBEASTGAMES-26MAY01-58,0x87be940761fdc883f710eb0254154c22f1fe85167e46244f7018b90f4954ce76
will_player_91_win_beast_games_season_2_sue,KXMRBEASTGAMES-26MAY01-91,0xb84d3468adb58eb7c21ca7e915f9c8fca1045d32aa3c8ac3cc6f2520a2722a6f
will_player_99_win_beast_games_season_2_hannah,KXMRBEASTGAMES-26MAY01-99,0x1d9f290cae7f6e474e08f8778e908b5b02e7d148846f03c790e08ceebad67b21
will_player_112_win_beast_games_season_2_john,KXMRBEASTGAMES-26MAY01-112,0x6294623d8359c52698643ea8cf2aedf249df9a46c03b2191af162766e445a0b7
will_player_118_win_beast_games_season_2_nick,KXMRBEASTGAMES-26MAY01-118,0xfb5f1c0f2eb0836573f6730810de28ad288920bccc74fc83cc87d8a6e72ec454
will_player_126_win_beast_games_season_2_jt,KXMRBEASTGAMES-26MAY01-126,0xd3c5876047c5f8baf803c41e3a57a046aad432e3795bdc57cccb6fe17eca4c62
will_player_148_win_beast_games_season_2_ian,KXMRBEASTGAMES-26MAY01-148,0x4b4f01da3977b9943a685bb48b31c3e95cb80f2ad80d5c4988a0fd85047ab14e
will_player_152_win_beast_games_season_2_monika,KXMRBEASTGAMES-26MAY01-152,0xc258c59b56e6daf4262cb6c959eee13504b1438bb4da8ea02c6326c353d82b53
will_player_157_win_beast_games_season_2_catey,KXMRBEASTGAMES-26MAY01-157,0x844ad7cab75cab5aae87dd6b1ad681788191babb406987389f71811b2e21436c
will_player_162_win_beast_games_season_2_tyler,KXMRBEASTGAMES-26MAY01-162,0xc2ab085158dccb90eeb313d6b66a783cadf84d30076c1c4eaa34d264c10d86bb
will_player_167_win_beast_games_season_2_tyler,KXMRBEASTGAMES-26MAY01-167,0x7196a064c43cdd26ec98d58f1dd2c0afe8f19c11c89f98a325b43961fc4af7b4
will_player_172_win_beast_games_season_2_auguste,KXMRBEASTGAMES-26MAY01-172,0x044c256541d4d0910b5c75d9bd3d70945ff810f69f6186fc2d3069c4d5a8b2a9
will_player_173_win_beast_games_season_2_jim,KXMRBEASTGAMES-26MAY01-173,0x307a25f50e5813c74c1b3e44b2ca590128a4148c64b83fc73bfad075b1736b6a
will_player_174_win_beast_games_season_2_vance,KXMRBEASTGAMES-26MAY01-174,0x5d2f5182bf4586a3a882a48255941f0a9ceeea8f9574b7362578b14ede619081
will_player_191_win_beast_games_season_2_cory,KXMRBEASTGAMES-26MAY01-191,0x5f485ef5d465e9601e95e529cd73a2231de7b6a4767eab25ca79fb0684506d25
will_player_194_win_beast_games_season_2_bryleigh,KXMRBEASTGAMES-26MAY01-194,0x7d783e1074fc88770f98ef90fcdd169811a8f27575dd28b96fd7c083655bfed1
will_player_195_win_beast_games_season_2_brett,KXMRBEASTGAMES-26MAY01-195,0x22648416ed5ca687f0fac490ae53fb1619b7476bbf6235d2ee40d9ecc2783822
will_player_566_win_beast_games_season_2_jc,KXMRBEASTGAMES-26MAY01-566,0x7be532b89a8d345e6a4f9c8cb8a4a93eccc6734c2cbe8857b9ada09e52f78c47
will_player_831_win_beast_games_season_2_jeff,KXMRBEASTGAMES-26MAY01-831,0x2507bbf05f11ead70fedf0520586ee643af676080c22ba4d75fc1d0b6881143e
will_player_952_win_beast_games_season_2_mia,KXMRBEASTGAMES-26MAY01-952,0x5eb2932f995f951f5a7f78de98447d9712de2e4d30fc8230ac5486c58afc9c9d
will_norway_have_the_most_gold_medals_in_the_2026_winter_olympics_norway,KXWO-GOLD-26-NOR,0x9dde2865d61deaeae5e1ed23c3cc2d3645f354f807d46d8108df293f8681b9a2
will_germany_have_the_most_gold_medals_in_the_2026_winter_olympics_germany,KXWO-GOLD-26-DEU,0x9ce29db59a285f72505aa3369a54453e5010597bdd4641738508f0cd60f8b1e0
will_sweden_have_the_most_gold_medals_in_the_2026_winter_olympics_sweden,KXWO-GOLD-26-SWE,0xbad9a24d2bb5b97f3e64b8466b75c7d6eacb150011587baf72b2a71aa67c379d
will_netherlands_have_the_most_gold_medals_in_the_2026_winter_olympics_netherlands,KXWO-GOLD-26-NLD,0x4c42e80712aa1905009b3014b7d622fd505b4d87dd9d47854a13cbd2a5ff4ca4
will_austria_have_the_most_gold_medals_in_the_2026_winter_olympics_austria,KXWO-GOLD-26-AUT,0xda5e93ecce25875195aeed7d427f16e9edab7296ea5d02d841ae733ba2a8a89f
will_switzerland_have_the_most_gold_medals_in_the_2026_winter_olympics_switzerland,KXWO-GOLD-26-CHE,0xe2b7b629b366cf9c2fad63d9afdbfe1ed427536219d7329a5ee2b96f3b6e08b8
will_france_have_the_most_gold_medals_in_the_2026_winter_olympics_france,KXWO-GOLD-26-FRA,0x2170018aad4cbd74ffbdf558f111c0e3bc76cb2027ca64e9590ce6cafe368bf2
will_canada_have_the_most_gold_medals_in_the_2026_winter_olympics_canada,KXWO-GOLD-26-CAN,0x2476b35db9ad17b163872e46f61455ba6c7b5495fe660bdae8090c880fbe947b
will_japan_have_the_most_gold_medals_in_the_2026_winter_olympics_japan,KXWO-GOLD-26-JPN,0xc2bf490a52deaadd7df632e4f45f2c8230068e22795e5e817ff6883b4a132436
will_italy_have_the_most_gold_medals_in_the_2026_winter_olympics_italy,KXWO-GOLD-26-ITA,0x346e8afb46835a9a9eada865f4a93cca93848a442c0cd3c0586be2aa4fde0454
will_j_b_pritzker_be_the_democratic_presidential_nominee_in_2028_j_b_pritzker,KXPRESNOMD-28-JBP,0xe883f2fda25a605a184bb5fe583afce6cc21ea0b348b6a3728ec3067553c548d
gdp_growth_in_2026_0_0_or_below,KXGDPYEAR-26-T0.1,0xb57f012ac5d6e101ba4d0b10af780f4cfe9d34bb4eced617e6bd1e43cc8e4376
will_drake_release_a_new_song_2026_drake,KXSONGRELEASE-27JAN01-DRA,0x832c7e1f9db10d94d6eb951411bd01ffebce4009c013014f2ccfdbb7cc2a9ca4
will_bts_release_a_new_song_2026_bts,KXSONGRELEASE-27JAN01-BTS,0x4e12760680100ec02c4889fb05dc6f8cb8b771e294f0f2d35a563ea6b833d10e
will_sza_release_a_new_song_2026_sza,KXSONGRELEASE-27JAN01-SZA,0x3aa9ce6efb84ec4602f1dd916478104037cf8570485e04eff998cb8e01eba67b
will_beyonc_release_a_new_song_2026_beyonc,KXSONGRELEASE-27JAN01-BEY,0x8fc0e048c309978d0b27931766cd9958e0b578673e9b3d89444aef05e384635f
who_will_be_the_next_ceo_of_apple_inc_john_ternus,KXNEWROLECEOAPPLE-27JAN-TERN,0x19be7c46e28b61455ec766679ee1122fba39eb0d5c85d0878e4b203ab8b18406
will_scottie_scheffler_win_the_masters_tournament_scottie_scheffler,KXPGATOUR-MAST26-SSCH,0xffdbbf2c3b9aa808abbcb35beb2b20a93572570aa5dd1bd1b630cade2f809f26
will_rory_mcilroy_win_the_masters_tournament_rory_mcilroy,KXPGATOUR-MAST26-RMCI,0x6509c26f04acbe80e73144486933fff507901867925f165421d66155193fce55
will_xander_schauffele_win_the_masters_tournament_xander_schauffele,KXPGATOUR-MAST26-XSCH,0xac6b6f6da4eb31a28cd22d050038877963a4fe2243174c0e65d20f99ff20f9ce
will_bryson_dechambeau_win_the_masters_tournament_bryson_dechambeau,KXPGATOUR-MAST26-BDEC,0x2b38ba268b5236105755199984f1609572e22c933f514e70ea8350cd0f9c0bc1
will_jon_rahm_win_the_masters_tournament_jon_rahm,KXPGATOUR-MAST26-JRAH,0x7876b15fcffcefea261e84f3f4d9e37bef6338edacc3f9cfe8f58b03e8bd7d9d
will_tommy_fleetwood_win_the_masters_tournament_tommy_fleetwood,KXPGATOUR-MAST26-TFLE,0xd3cf027626c098d59d0d2ce30cc647de3e97aafdf77b0b5e429c418fc9ef4cf7
will_ludvig_aberg_win_the_masters_tournament_ludvig_aberg,KXPGATOUR-MAST26-LABE,0x83d434951c9b792f27b0e4861e773c286132ca0803dc7a211c564d2b1e16410d
will_collin_morikawa_win_the_masters_tournament_collin_morikawa,KXPGATOUR-MAST26-CMOR,0x1281b8da70b2571cdd44ee3f7f57240c6ea08d99786e17dddb137403e0027a61
will_justin_thomas_win_the_masters_tournament_justin_thomas,KXPGATOUR-MAST26-JTHO,0xea3f0eb3ec9419be6ae206414ff35a6c69ba88f7e50ff95f7325325784fb9981
will_jordan_spieth_win_the_masters_tournament_jordan_spieth,KXPGATOUR-MAST26-JSPI,0x9d9e22b8b290d01371f2913c288bbf5026d3ebd31bb45a4fc7996eb9a1681440
will_joaquin_niemann_win_the_masters_tournament_joaquin_niemann,KXPGATOUR-MAST26-JNIE,0xfe27bfafe40e48a1fafb6c643a35ec9f45fed29c425e19b9de819313040d515c
will_hideki_matsuyama_win_the_masters_tournament_hideki_matsuyama,KXPGATOUR-MAST26-HMAT,0xe3e113590ff2cccea2db8c9363492856a4c3c9615f54227fc3ab865239eb2c82
will_viktor_hovland_win_the_masters_tournament_viktor_hovland,KXPGATOUR-MAST26-VHOV,0xcdde25ded9c8b683ea96c8877913fa793bceee6214d3bb892b2a070f34294f73
will_tyrrell_hatton_win_the_masters_tournament_tyrrell_hatton,KXPGATOUR-MAST26-THAT,0x8bf5e1cd80f5dd7e3f1949c69158112202536fcd4f9132a720e78be04384d4c9
will_shane_lowry_win_the_masters_tournament_shane_lowry,KXPGATOUR-MAST26-SLOW,0x862dab74975a135561dd65230a5f84293591d75d2ba2d259af8d6caabbe9206a
will_patrick_cantlay_win_the_masters_tournament_patrick_cantlay,KXPGATOUR-MAST26-PCAN,0xb20bffea1d88c94b36e080c2cb594df7a17b4d643d760d868aa779dc09dad844
will_matt_fitzpatrick_win_the_masters_tournament_matt_fitzpatrick,KXPGATOUR-MAST26-MFIT,0x213cf960590ddffa1b607258fd086774a3072e56bde0038cba6ac6dea205166a
will_cameron_young_win_the_masters_tournament_cameron_young,KXPGATOUR-MAST26-CYOU,0x7a00c50eb4e76f5bc25b38a83c029dfde5faa9268e4ade490c931a384f8d157a
will_russell_henley_win_the_masters_tournament_russell_henley,KXPGATOUR-MAST26-RHEN,0x8fa0fa99fde4aea79a4dafeb5ca23ee59e34917e925aee8b26c0c01d79db51b3
will_brooks_koepka_win_the_masters_tournament_brooks_koepka,KXPGATOUR-MAST26-BKOE,0x3b03119533be8b78d11b5f12699999e5ade5ecb77c60f7ad4679fdaabbbb1ee2
will_jason_day_win_the_masters_tournament_jason_day,KXPGATOUR-MAST26-JDAY,0xe7c5657641a38ffa08fb9331b2ae00b5c11cd89b8a48ab102beb157b58176096
will_akshay_bhatia_win_the_masters_tournament_akshay_bhatia,KXPGATOUR-MAST26-ABHA,0x5ad7c4693753dec8869d0d6795c08804a107bdc5ab0f53fab730c2b3f2c19dd2
will_tony_finau_win_the_masters_tournament_tony_finau,KXPGATOUR-MAST26-TFIN,0x3ea9c281aaeac2b2a601da8c320f31756a69ba2385a6a4f800cfeff3a49df05d
will_adam_scott_win_the_masters_tournament_adam_scott,KXPGATOUR-MAST26-ASCO,0x12ca08f950bb13cefe9c9daf2ff8cd406aa322cc1b1711dc9c6108c20f6fa83c
will_dustin_johnson_win_the_masters_tournament_dustin_johnson,KXPGATOUR-MAST26-DJOH,0xd654ee72c16bd9338a48fc22f49fd7e2bcdb034ea480b4201e26ec85b9c412ff
will_patrick_reed_win_the_masters_tournament_patrick_reed,KXPGATOUR-MAST26-PREE,0xc444804b9fb75aca09aec0294bf68d47ab71a0ccd9119f514b8ae8c410609016
will_justin_rose_win_the_masters_tournament_justin_rose,KXPGATOUR-MAST26-JROS,0x0214efd795ce4e8a54884faa52bacd4eeea7b4958fcf6f6649843bdc70c8fd0c
will_sam_burns_win_the_masters_tournament_sam_burns,KXPGATOUR-MAST26-SBUR,0x4d93be7c257844407fc30d72183f689aa65235ca6060a4bb973137f81ff2fc0f
will_sepp_straka_win_the_masters_tournament_sepp_straka,KXPGATOUR-MAST26-SSTR,0x2b392df5a4b3c49f3c9872e8e4f9077d17cca703b464a2b0ac07c168a3a00a64
will_cameron_smith_win_the_masters_tournament_cameron_smith,KXPGATOUR-MAST26-CSMI,0x14bc6d58697a1cde8865d64256ccf975dc5429c6b0bcbbf790ebcacd692c7837
will_corey_conners_win_the_masters_tournament_corey_conners,KXPGATOUR-MAST26-CCOR,0x356f4c3b270dfc4b3ed4b69bf8001002307c252d279c0c19b42d8bfe231c83d2
will_robert_macintyre_win_the_masters_tournament_robert_macintyre,KXPGATOUR-MAST26-RMAC,0x4809ac50539ae95cd2dfa09dc31b9e9070c777c144f1880ec64193a59edd8732
will_sahith_theegala_win_the_masters_tournament_sahith_theegala,KXPGATOUR-MAST26-STHE,0xcd46027134973a8aac368aa706ce768929d0ce9d6141d09bc446308f7f3b0ab2
will_maverick_mcnealy_win_the_masters_tournament_maverick_mcnealy,KXPGATOUR-MAST26-MMCN,0x252070a6eb5dcc265558d6b163fdeb867be7117a6d4bbbc095aad55e5085b87f
will_brian_harman_win_the_masters_tournament_brian_harman,KXPGATOUR-MAST26-BHAR,0x62ebe42711a80c47362d7366f02b1bd225a5ab348e65f0ccbaf48e2dcf3fe703
will_wyndham_clark_win_the_masters_tournament_wyndham_clark,KXPGATOUR-MAST26-WCLA,0x3d02881b414843e467317e05cc2a942ebf5f44f5cc149cb5ff367fe8d2d90fb9
will_tom_kim_win_the_masters_tournament_tom_kim,KXPGATOUR-MAST26-TKIM,0x698996bc27582c95322e233ce4c115b0b0ad4435c3293cb0cb4097ac90e6aa29
will_keegan_bradley_win_the_masters_tournament_keegan_bradley,KXPGATOUR-MAST26-KBRA,0xd5b82c1fd4e6f82c56a2f659cc717746dd68adb209441281cf2998d2d9ee4973
will_sungjae_im_win_the_masters_tournament_sungjae_im,KXPGATOUR-MAST26-SJIM,0x6e7768758734b61a5301e9b8243ed496b888fa0b5d8fd5f24ceb8f5af85c3e3e
will_rasmus_hojgaard_win_the_masters_tournament_rasmus_hojgaard,KXPGATOUR-MAST26-RHOJ,0x23bab9493f1b7d4aadb7754b91c6677963ca5cb43a2e2c276321ea53279cf8e5
will_aaron_rai_win_the_masters_tournament_aaron_rai,KXPGATOUR-MAST26-ARAI,0x0209880f5a561cc74e29fc5b93b9d334f73dbd884c1c508b02b42355373aa4c9
will_max_homa_win_the_masters_tournament_max_homa,KXPGATOUR-MAST26-MHOM,0x1cd45b06f4e05b87f31656ae16ee275d9a234deb627fd811c293768f3bc4d8c8
will_sergio_garcia_win_the_masters_tournament_sergio_garcia,KXPGATOUR-MAST26-SGAR,0xda6293438c50b71777cfa237c0e359e0586e9b5255c25dfc4706a952d41aca2f
will_bubba_watson_win_the_masters_tournament_bubba_watson,KXPGATOUR-MAST26-BWAT,0x03ed790d3eb61fa1ef395298811f13dc6ca3310a81d6d8693c25729485b78719
will_charl_schwartzel_win_the_masters_tournament_charl_schwartzel,KXPGATOUR-MAST26-CSCH,0xcd1b782d94423552e19db1ca2bec7bcf5a445de8586638e41da75fae3d138ac4
will_zach_johnson_win_the_masters_tournament_zach_johnson,KXPGATOUR-MAST26-ZJOH,0xb8d1fb44df18d9fd3e7b33b0872fdcaadcd8b733fd6fe82b0f4d262f47320d43
will_phil_mickelson_win_the_masters_tournament_phil_mickelson,KXPGATOUR-MAST26-PMIC,0x039334b65ecb4e1dd6684d2b65147245b2c41cf11c5c822ec66e99f661872034
will_fred_couples_win_the_masters_tournament_fred_couples,KXPGATOUR-MAST26-FCOU,0xc691e5df8f32108ec04e8bd65e28ffc80d0ca8334ee9fcbca547fb217d801b66
will_danny_willett_win_the_masters_tournament_danny_willett,KXPGATOUR-MAST26-DWIL,0x70f6d392da0491e270bb0e4b956df48d692b4e2fd9438241df090f1cbfcd7188
will_tiger_woods_win_the_masters_tournament_tiger_woods,KXPGATOUR-MAST26-TWOO,0x6e4883bc94f6b815d32b735ce21034216e4b3bab2d740c72e2fa15d274431a13
top_usa_artist_on_spotify_on_feb_10_2026,KXSPOTIFYARTISTD-26FEB10-BAD,0xa353133ef164670c00195d11256facd32c19200fc47c0007c76b97bce42108b0
which_ai_company_will_have_the_best_coding_model_on_dec_31_2026_openai,KXCODINGMODEL-26DEC-OPEN,0x5ed8142bfb7dedd29123c51d93e78d41bb11347a9dc99af028f8c26d379f7991
which_ai_company_will_have_the_best_coding_model_on_dec_31_2026_anthropic,KXCODINGMODEL-26DEC-ANTH,0x4a0cc84209df8e25f2651148c15ca45841bf02133903a990ad2be56d8337efe5
which_ai_company_will_have_the_best_coding_model_on_dec_31_2026_alibaba,KXCODINGMODEL-26DEC-ALIB,0x9203a698f9fa14be61cfdb6bfef9deddd0aa7d2b2907d93a619702683087b3da
which_ai_company_will_have_the_best_coding_model_on_dec_31_2026_xai,KXCODINGMODEL-26DEC-XAI,0xdf3aed600715b8cc4a23e3d7e6caad79791de8dcd5af48f450dc1b8dc52128c3
which_ai_company_will_have_the_best_coding_model_on_dec_31_2026_deepseek,KXCODINGMODEL-26DEC-DEEP,0x90301098126f955f3ce5a03b7fe4c35a3641b233f4c56e88b11070a1b414c61a
which_ai_company_will_have_the_best_coding_model_on_dec_31_2026_google,KXCODINGMODEL-26DEC-GOOG,0xaec744acc776760b5ae4ea624392701e5be37f226030347437abdb6df9c1d184
which_ai_company_will_have_the_best_coding_model_on_dec_31_2026_moonshot_ai,KXCODINGMODEL-26DEC-MOON,0xb5f410ce6db52b387d5e3c9aa386f1cf2c6d9603d4ffbb59d7b3ad78c6ce54bc
will_itamar_ben_gvir_be_the_next_prime_minister_of_israel,KXNEXTISRAELPM-45JAN01-IBEN,0x4bf44e9885ee8f43148458d5c9537d96c940cf48414557528358d65870131517
will_lana_del_rey_release_a_new_album_in_2026_lana_del_rey,KXALBUMRELEASE-26-LAN,0x6947d1e419f570b92a6aa509cbb2eaf137fa9a0a1618b669b87a0bb354af3bd4
will_any_2026_fifa_world_cup_game_scheduled_in_the_u_s_be_relocated_abroad_before_jun_11_2026_yes,KXFIFAUSPULLGAME-26JUN11,0xe82058477cc3af4be561d02ef984ebfa8581f56b07d1ed037829074cf1a0cd57
